[0, 256, 384, 0.31203, 0.00432784, 0.276071, 0.596135]
[1, 384, 256, 0.312778, 0.00425915, 0.275129, 0.595609]
[2, 384, 256, 0.314667, 0.00438344, 0.275009, 0.597916]
[3, 256, 384, 0.313594, 0.00429548, 0.276576, 0.598029]
[4, 384, 256, 0.313381, 0.00438681, 0.275375, 0.596995]
[5, 384, 256, 0.313429, 0.00441015, 0.275174, 0.596945]
[6, 384, 256, 0.312556, 0.00436247, 0.274816, 0.595527]
[7, 384, 256, 0.31427, 0.00429074, 0.275263, 0.597383]
[8, 256, 384, 0.31338, 0.0044161, 0.27571, 0.597396]
[9, 384, 256, 0.312399, 0.00427756, 0.275622, 0.595772]
[10, 384, 256, 0.313401, 0.00430438, 0.275897, 0.597231]
[11, 256, 384, 0.313505, 0.00438435, 0.276362, 0.59811]
[12, 384, 256, 0.312241, 0.00430108, 0.275644, 0.595837]
[13, 256, 384, 0.312701, 0.00440468, 0.276248, 0.597285]
[14, 384, 256, 0.312873, 0.00439429, 0.275486, 0.596527]
[15, 256, 384, 0.312283, 0.00431378, 0.276577, 0.59686]
[16, 256, 384, 0.31481, 0.00431951, 0.2764, 0.599121]
[17, 384, 256, 0.314437, 0.00434134, 0.276119, 0.598554]
[18, 384, 256, 0.313774, 0.00431326, 0.274271, 0.595934]
[19, 384, 256, 0.313536, 0.0044168, 0.274471, 0.596358]
[20, 256, 384, 0.31298, 0.00428401, 0.275132, 0.595966]
[21, 256, 384, 0.312725, 0.00427388, 0.275393, 0.595887]
[22, 384, 256, 0.313426, 0.0043271, 0.275812, 0.597296]
[23, 256, 384, 0.311995, 0.00435187, 0.275636, 0.595724]
[24, 384, 256, 0.312864, 0.00427648, 0.275116, 0.595764]
[25, 384, 256, 0.314703, 0.00438704, 0.274842, 0.597807]
[26, 256, 384, 0.315958, 0.00434538, 0.27656, 0.600598]
[27, 384, 256, 0.313778, 0.00426216, 0.274868, 0.596343]
[28, 384, 256, 0.313993, 0.00439109, 0.27636, 0.598495]
[29, 384, 256, 0.315098, 0.00431966, 0.274745, 0.597753]
[30, 384, 256, 0.316405, 0.00441767, 0.27453, 0.664355]
[31, 384, 256, 0.320468, 0.00446101, 0.274948, 0.675375]
[32, 384, 256, 0.313958, 0.00429965, 0.275021, 0.620262]
[33, 256, 384, 0.312768, 0.00432814, 0.276408, 0.629022]
[34, 256, 384, 0.313517, 0.0043617, 0.275893, 0.622153]
[35, 256, 384, 0.314047, 0.00432396, 0.276182, 0.611952]
[36, 384, 256, 0.316332, 0.00427035, 0.274991, 0.652803]
[37, 384, 256, 0.313203, 0.00434913, 0.276991, 0.620567]
[38, 384, 256, 0.31416, 0.00429139, 0.276203, 0.631027]
[39, 384, 256, 0.313598, 0.00428425, 0.276749, 0.631377]
[40, 384, 256, 0.313222, 0.00433149, 0.274967, 0.613316]
[41, 384, 256, 0.313334, 0.00430138, 0.275782, 0.632695]
[42, 384, 256, 0.320984, 0.00430058, 0.276537, 0.669739]
[43, 256, 384, 0.313446, 0.0043075, 0.275532, 0.61567]
[44, 256, 384, 0.315271, 0.00424698, 0.274715, 0.639229]
[45, 384, 256, 0.313257, 0.0042924, 0.276425, 0.6162]
[46, 384, 256, 0.317746, 0.00430527, 0.276989, 0.656843]
[47, 256, 384, 0.313075, 0.00438952, 0.277269, 0.614122]
[48, 256, 384, 0.315295, 0.00434443, 0.275634, 0.638632]
[49, 384, 256, 0.316326, 0.00434922, 0.275681, 0.657248]
[50, 256, 384, 0.315624, 0.00434754, 0.276022, 0.634245]
[51, 384, 256, 0.314957, 0.00444001, 0.275918, 0.6418]
[52, 384, 256, 0.319397, 0.00441694, 0.274709, 0.671272]
[53, 256, 384, 0.31372, 0.00437912, 0.275661, 0.623869]
[54, 384, 256, 0.317309, 0.00435368, 0.276134, 0.642218]
[55, 384, 256, 0.314673, 0.004303, 0.276511, 0.615051]
[56, 384, 256, 0.312751, 0.00436788, 0.275354, 0.624599]
[57, 384, 256, 0.31298, 0.00430228, 0.275928, 0.629878]
[58, 256, 384, 0.312725, 0.00435593, 0.276065, 0.621753]
[59, 384, 256, 0.3134, 0.00434898, 0.276508, 0.619205]
[60, 384, 256, 0.313001, 0.00436958, 0.275861, 0.627563]
[61, 256, 384, 0.313502, 0.00443818, 0.275606, 0.625736]
[62, 384, 256, 0.312792, 0.00428361, 0.275776, 0.619582]
[63, 256, 384, 0.312913, 0.00438077, 0.276542, 0.619807]
[64, 384, 256, 0.313667, 0.00438621, 0.275143, 0.622337]
[65, 256, 384, 0.317353, 0.00426851, 0.27701, 0.644907]
[66, 256, 384, 0.315927, 0.00431485, 0.275791, 0.641998]
[67, 384, 256, 0.319376, 0.00430475, 0.27657, 0.677065]
[68, 384, 256, 0.318595, 0.00431501, 0.275163, 0.660136]
[69, 256, 384, 0.313683, 0.00433324, 0.276091, 0.625876]
[70, 384, 256, 0.317841, 0.00437912, 0.275354, 0.647204]
[71, 256, 384, 0.317882, 0.00432178, 0.274563, 0.652038]
[72, 256, 384, 0.312687, 0.00436832, 0.275413, 0.619487]
[73, 384, 256, 0.313399, 0.00429487, 0.274579, 0.614862]
[74, 384, 256, 0.312878, 0.00424623, 0.275315, 0.607607]
[75, 256, 384, 0.313485, 0.004335, 0.276877, 0.612434]
[76, 256, 384, 0.315072, 0.00435106, 0.276111, 0.629926]
[77, 256, 384, 0.312843, 0.00435062, 0.275921, 0.617435]
[78, 256, 384, 0.313191, 0.00434505, 0.276567, 0.632919]
[79, 384, 256, 0.312999, 0.00423415, 0.275465, 0.627405]
[80, 256, 384, 0.314206, 0.00437281, 0.279239, 0.620278]
[81, 384, 256, 0.312076, 0.00433685, 0.275132, 0.619118]
[82, 384, 256, 0.312863, 0.00437213, 0.275247, 0.615053]
[83, 384, 256, 0.313801, 0.00427657, 0.275233, 0.627412]
[84, 384, 256, 0.312673, 0.00435422, 0.275616, 0.616427]
[85, 384, 256, 0.313025, 0.00434523, 0.27505, 0.615904]
[86, 256, 384, 0.315421, 0.0043912, 0.275269, 0.624726]
[87, 256, 384, 0.312057, 0.00439832, 0.274395, 0.615759]
[88, 256, 384, 0.313456, 0.0043872, 0.27594, 0.621726]
[89, 384, 256, 0.31328, 0.00446114, 0.275017, 0.617055]
[90, 384, 256, 0.314632, 0.00442608, 0.274555, 0.626082]
[91, 384, 256, 0.317121, 0.0043485, 0.275467, 0.641035]
[92, 384, 256, 0.313574, 0.00426786, 0.276408, 0.62424]
[93, 384, 256, 0.312822, 0.00433891, 0.2763, 0.612504]
[94, 384, 256, 0.320411, 0.00436053, 0.27582, 0.689312]
[95, 256, 384, 0.313697, 0.00427574, 0.276323, 0.618519]
[96, 256, 384, 0.313824, 0.00433096, 0.274837, 0.614831]
[97, 384, 256, 0.313691, 0.0042911, 0.275877, 0.635753]
[98, 384, 256, 0.31351, 0.00431031, 0.275422, 0.619938]
[99, 384, 256, 0.314228, 0.00434424, 0.276001, 0.626436]
[100, 384, 256, 0.313817, 0.00437542, 0.275039, 0.604954]
[101, 256, 384, 0.311906, 0.0043171, 0.275408, 0.624412]
[102, 384, 256, 0.313106, 0.0042936, 0.275576, 0.60208]
[103, 256, 384, 0.313093, 0.00427549, 0.275362, 0.601477]
[104, 384, 256, 0.314073, 0.00436041, 0.275191, 0.604144]
[105, 256, 384, 0.314579, 0.00429312, 0.275587, 0.603687]
[106, 384, 256, 0.312505, 0.00429855, 0.275815, 0.601673]
[107, 384, 256, 0.316235, 0.0043735, 0.275178, 0.605271]
[108, 384, 256, 0.311969, 0.00434389, 0.274174, 0.602021]
[109, 256, 384, 0.313764, 0.00440935, 0.275909, 0.627717]
[110, 384, 256, 0.312746, 0.00436478, 0.275095, 0.603454]
[111, 256, 384, 0.312493, 0.00430942, 0.275664, 0.602463]
[112, 384, 256, 0.312734, 0.00429661, 0.275116, 0.602097]
[113, 384, 256, 0.312817, 0.00436917, 0.276609, 0.610959]
[114, 384, 256, 0.312922, 0.00441594, 0.277361, 0.60598]
[115, 384, 256, 0.313348, 0.00433463, 0.275571, 0.603714]
[116, 384, 256, 0.313301, 0.00435595, 0.275057, 0.603293]
[117, 384, 256, 0.312719, 0.00434343, 0.27485, 0.603723]
[118, 384, 256, 0.312991, 0.00433412, 0.275992, 0.616215]
[119, 384, 256, 0.313572, 0.00433395, 0.276584, 0.604108]
[120, 384, 256, 0.311608, 0.0043048, 0.275338, 0.615845]
[121, 384, 256, 0.314736, 0.0042964, 0.274834, 0.605163]
[122, 384, 256, 0.312984, 0.00433934, 0.275672, 0.617057]
[123, 384, 256, 0.313287, 0.00429436, 0.276594, 0.612152]
[124, 384, 256, 0.31672, 0.0042874, 0.275391, 0.606668]
[125, 384, 256, 0.313465, 0.00426339, 0.27619, 0.603225]
[126, 384, 256, 0.313306, 0.00422891, 0.27669, 0.616119]
[127, 384, 256, 0.314714, 0.00428991, 0.278059, 0.624644]
[128, 384, 256, 0.313516, 0.00434626, 0.275579, 0.604009]
[129, 384, 256, 0.3127, 0.00432977, 0.27529, 0.602446]
[130, 256, 384, 0.314485, 0.00427172, 0.276046, 0.625251]
[131, 384, 256, 0.314285, 0.00424477, 0.275681, 0.616135]
[132, 384, 256, 0.316286, 0.00433616, 0.275154, 0.652616]
[133, 384, 256, 0.312731, 0.00433647, 0.275477, 0.615724]
[134, 384, 256, 0.313097, 0.00439129, 0.275947, 0.607944]
[135, 384, 256, 0.314202, 0.00430083, 0.275234, 0.603318]
[136, 384, 256, 0.313401, 0.00430243, 0.276974, 0.603419]
[137, 384, 256, 0.312734, 0.00427318, 0.275272, 0.601079]
[138, 384, 256, 0.313887, 0.0042437, 0.275392, 0.601292]
[139, 384, 256, 0.314888, 0.00438285, 0.276044, 0.606158]
[140, 384, 256, 0.312956, 0.00441531, 0.277354, 0.606163]
[141, 384, 256, 0.313198, 0.0042976, 0.275676, 0.602829]
[142, 384, 256, 0.313469, 0.00431335, 0.276101, 0.605556]
[143, 384, 256, 0.312304, 0.00422509, 0.274699, 0.60191]
[144, 384, 256, 0.312339, 0.00438929, 0.276236, 0.605827]
[145, 384, 256, 0.313733, 0.00428402, 0.275484, 0.605119]
[146, 384, 256, 0.312186, 0.00430032, 0.275264, 0.601644]
[147, 384, 256, 0.314021, 0.00439083, 0.275777, 0.605487]
[148, 384, 256, 0.31373, 0.00431027, 0.276799, 0.606624]
[149, 256, 384, 0.31727, 0.00426085, 0.276003, 0.607945]
[150, 384, 256, 0.315738, 0.0043062, 0.275993, 0.605134]
[151, 384, 256, 0.313045, 0.00431154, 0.274821, 0.600819]
[152, 256, 384, 0.312649, 0.00429595, 0.275525, 0.601298]
[153, 384, 256, 0.312681, 0.00441824, 0.274861, 0.602129]
[154, 256, 384, 0.313394, 0.00433167, 0.274823, 0.602016]
[155, 256, 384, 0.311929, 0.00429198, 0.275548, 0.60185]
[156, 384, 256, 0.311982, 0.00427815, 0.275242, 0.599824]
[157, 384, 256, 0.313476, 0.00427278, 0.27933, 0.609727]
[158, 384, 256, 0.312591, 0.00430643, 0.276675, 0.604557]
[159, 384, 256, 0.312501, 0.00431333, 0.275593, 0.600913]
[160, 384, 256, 0.313714, 0.00439553, 0.276132, 0.603441]
[161, 384, 256, 0.314511, 0.00423038, 0.275302, 0.602148]
[162, 384, 256, 0.313337, 0.00425788, 0.276135, 0.603167]
[163, 256, 384, 0.314112, 0.00428251, 0.275843, 0.603608]
[164, 384, 256, 0.311386, 0.00437081, 0.274405, 0.604436]
[165, 384, 256, 0.313881, 0.00429899, 0.276438, 0.612427]
[166, 384, 256, 0.313874, 0.00432504, 0.275049, 0.602123]
[167, 384, 256, 0.313003, 0.00437249, 0.276395, 0.621018]
[168, 384, 256, 0.311736, 0.00440049, 0.275184, 0.629601]
[169, 384, 256, 0.313007, 0.00434632, 0.275667, 0.615719]
[170, 384, 256, 0.314955, 0.00440055, 0.275953, 0.615539]
[171, 384, 256, 0.313954, 0.00437628, 0.275637, 0.616379]
[172, 384, 256, 0.313463, 0.00434958, 0.275674, 0.615521]
[173, 384, 256, 0.314534, 0.00426394, 0.275178, 0.621643]
[174, 384, 256, 0.315633, 0.00438239, 0.275045, 0.635824]
[175, 384, 256, 0.314775, 0.00437702, 0.276084, 0.61466]
[176, 384, 256, 0.313503, 0.0043386, 0.27584, 0.617013]
[177, 256, 384, 0.313168, 0.00463015, 0.27493, 0.619404]
[178, 384, 256, 0.316165, 0.0043327, 0.277146, 0.647625]
[179, 384, 256, 0.314368, 0.00432795, 0.275835, 0.622036]
[180, 384, 256, 0.312432, 0.00429116, 0.275706, 0.619459]
[181, 384, 256, 0.312419, 0.00429811, 0.275514, 0.611722]
[182, 384, 256, 0.314614, 0.00438058, 0.276019, 0.630807]
[183, 256, 384, 0.312974, 0.00429812, 0.275108, 0.605463]
[184, 384, 256, 0.313307, 0.00430481, 0.276414, 0.61555]
[185, 256, 384, 0.312803, 0.00431696, 0.275952, 0.615784]
[186, 256, 384, 0.317877, 0.00424536, 0.276031, 0.643713]
[187, 256, 384, 0.314324, 0.00428296, 0.275909, 0.611808]
[188, 384, 256, 0.313613, 0.0043126, 0.276878, 0.614902]
[189, 256, 384, 0.313968, 0.00432307, 0.276785, 0.615138]
[190, 384, 256, 0.312899, 0.00429951, 0.274174, 0.61882]
[191, 384, 256, 0.312954, 0.00430941, 0.275971, 0.620998]
[192, 384, 256, 0.31194, 0.00427829, 0.274217, 0.617879]
[193, 384, 256, 0.313463, 0.00440976, 0.275525, 0.604245]
[194, 384, 256, 0.313149, 0.00427801, 0.275857, 0.609539]
[195, 384, 256, 0.314527, 0.00430932, 0.275415, 0.633867]
[196, 384, 256, 0.312893, 0.00441914, 0.276143, 0.622079]
[197, 384, 256, 0.312804, 0.00430326, 0.275552, 0.628163]
[198, 384, 256, 0.313223, 0.0043027, 0.276223, 0.61949]
[199, 384, 256, 0.313606, 0.00424781, 0.274839, 0.626004]
[200, 384, 256, 0.313533, 0.00436378, 0.278748, 0.627283]
[201, 384, 256, 0.317422, 0.0045267, 0.276793, 0.618011]
[202, 384, 256, 0.315865, 0.00433779, 0.274936, 0.645914]
[203, 384, 256, 0.317875, 0.0044099, 0.274083, 0.675431]
[204, 256, 384, 0.313164, 0.0044325, 0.276705, 0.621191]
[205, 384, 256, 0.337897, 0.00432356, 0.277059, 0.871895]
[206, 384, 256, 0.31751, 0.00438906, 0.275367, 0.656505]
[207, 384, 256, 0.312497, 0.00431039, 0.275512, 0.615241]
[208, 256, 384, 0.318607, 0.00431601, 0.27573, 0.656449]
[209, 256, 384, 0.318405, 0.00439975, 0.275648, 0.644176]
[210, 384, 256, 0.312211, 0.0044034, 0.275885, 0.622121]
[211, 384, 256, 0.313001, 0.0044211, 0.276227, 0.616671]
[212, 384, 256, 0.315264, 0.0044582, 0.275742, 0.638408]
[213, 256, 384, 0.31581, 0.00427773, 0.275923, 0.649474]
[214, 384, 256, 0.312322, 0.00427588, 0.276084, 0.612683]
[215, 256, 384, 0.314607, 0.00429996, 0.275736, 0.624361]
[216, 384, 256, 0.312125, 0.00438835, 0.275677, 0.615732]
[217, 256, 384, 0.313344, 0.0044223, 0.275885, 0.621876]
[218, 384, 256, 0.314371, 0.00438496, 0.276097, 0.63681]
[219, 384, 256, 0.315048, 0.00435008, 0.276942, 0.630917]
[220, 256, 384, 0.314865, 0.00427238, 0.276535, 0.621636]
[221, 384, 256, 0.313688, 0.00449792, 0.275819, 0.614577]
[222, 384, 256, 0.314655, 0.00439184, 0.276419, 0.613163]
[223, 384, 256, 0.313108, 0.0043651, 0.275015, 0.602111]
[224, 256, 384, 0.312634, 0.00426194, 0.275155, 0.60105]
[225, 384, 256, 0.312941, 0.00437953, 0.275931, 0.619325]
[226, 256, 384, 0.315927, 0.00439247, 0.275929, 0.647362]
[227, 384, 256, 0.313706, 0.00432557, 0.275425, 0.62068]
[228, 256, 384, 0.410662, 0.00435954, 0.275871, 0.712807]
[229, 384, 256, 0.313794, 0.00435482, 0.27684, 0.613039]
[230, 384, 256, 0.313284, 0.00438835, 0.275804, 0.620902]
[231, 384, 256, 0.313969, 0.00439107, 0.276129, 0.605856]
[232, 384, 256, 0.313711, 0.00432916, 0.275994, 0.620157]
[233, 384, 256, 0.313655, 0.00431427, 0.276996, 0.619377]
[234, 256, 384, 0.313025, 0.00417864, 0.277191, 0.614072]
[235, 384, 256, 0.312551, 0.00432479, 0.275525, 0.616063]
[236, 384, 256, 0.3149, 0.00432693, 0.27576, 0.626073]
[237, 256, 384, 0.311758, 0.00444045, 0.275822, 0.612898]
[238, 384, 256, 0.313508, 0.00439583, 0.276162, 0.616243]
[239, 256, 384, 0.316633, 0.0043197, 0.276744, 0.643889]
[240, 384, 256, 0.312525, 0.00438809, 0.275944, 0.618421]
[241, 384, 256, 0.311802, 0.00435059, 0.274822, 0.600704]
[242, 384, 256, 0.312659, 0.00428732, 0.275925, 0.619621]
[243, 384, 256, 0.314107, 0.00436339, 0.275098, 0.622745]
[244, 256, 384, 0.313123, 0.00433914, 0.276074, 0.617581]
[245, 384, 256, 0.313258, 0.00435225, 0.275804, 0.622018]
[246, 384, 256, 0.312147, 0.00439456, 0.275053, 0.632804]
[247, 384, 256, 0.313837, 0.00444226, 0.276997, 0.604952]
[248, 384, 256, 0.313313, 0.00431923, 0.275106, 0.629268]
[249, 384, 256, 0.311688, 0.0044123, 0.275685, 0.609826]
[250, 384, 256, 0.311845, 0.0043394, 0.275861, 0.602211]
[251, 384, 256, 0.314072, 0.00436589, 0.275895, 0.605161]
[252, 384, 256, 0.313476, 0.0043267, 0.275592, 0.606963]
[253, 384, 256, 0.311684, 0.00435822, 0.275349, 0.622784]
[254, 384, 256, 0.31455, 0.00436528, 0.275722, 0.619329]
[255, 384, 256, 0.313881, 0.00442465, 0.274675, 0.628779]
[256, 384, 256, 0.315013, 0.00433009, 0.27594, 0.606783]
[257, 384, 256, 0.313328, 0.00433992, 0.274898, 0.617224]
[258, 384, 256, 0.313628, 0.004417, 0.27561, 0.615745]
[259, 384, 256, 0.316042, 0.00435583, 0.275991, 0.616283]
[260, 256, 384, 0.312703, 0.0044307, 0.276054, 0.603733]
[261, 384, 256, 0.313091, 0.00439908, 0.276194, 0.604871]
[262, 384, 256, 0.313397, 0.00437441, 0.276298, 0.626094]
[263, 384, 256, 0.313959, 0.00427546, 0.275679, 0.606806]
[264, 384, 256, 0.313444, 0.00427879, 0.275959, 0.614166]
[265, 384, 256, 0.313732, 0.00435063, 0.275518, 0.604448]
[266, 384, 256, 0.312542, 0.0043657, 0.275254, 0.60218]
[267, 256, 384, 0.313285, 0.0043755, 0.275594, 0.619811]
[268, 384, 256, 0.312763, 0.00431521, 0.276969, 0.630907]
[269, 384, 256, 0.313764, 0.00441105, 0.275442, 0.604313]
[270, 256, 384, 0.312705, 0.00432898, 0.274603, 0.609741]
[271, 256, 384, 0.312433, 0.00430293, 0.276893, 0.603941]
[272, 256, 384, 0.313604, 0.00433115, 0.274932, 0.603176]
[273, 256, 384, 0.313965, 0.00436444, 0.27572, 0.621064]
[274, 256, 384, 0.314755, 0.00429993, 0.27578, 0.635803]
[275, 384, 256, 0.312445, 0.00434797, 0.275533, 0.629807]
[276, 256, 384, 0.313483, 0.00434706, 0.2766, 0.604773]
[277, 384, 256, 0.312497, 0.00438032, 0.275369, 0.627709]
[278, 384, 256, 0.31248, 0.00431292, 0.275815, 0.604216]
[279, 384, 256, 0.3146, 0.00433195, 0.276646, 0.607644]
[280, 256, 384, 0.312682, 0.00437471, 0.276269, 0.604368]
[281, 384, 256, 0.314309, 0.00438829, 0.275036, 0.625226]
[282, 384, 256, 0.312611, 0.00451602, 0.27591, 0.604244]
[283, 384, 256, 0.313076, 0.0043415, 0.275051, 0.602738]
[284, 384, 256, 0.315206, 0.00438835, 0.275925, 0.621713]
[285, 256, 384, 0.315386, 0.00440853, 0.277456, 0.617116]
[286, 384, 256, 0.314694, 0.00437313, 0.275838, 0.638148]
[287, 256, 384, 0.312367, 0.00441693, 0.275953, 0.620661]
[288, 384, 256, 0.312874, 0.00438522, 0.275929, 0.613694]
[289, 256, 384, 0.312392, 0.00437755, 0.276157, 0.602543]
[290, 384, 256, 0.312081, 0.0043695, 0.274124, 0.610569]
[291, 384, 256, 0.312036, 0.00442022, 0.274901, 0.60416]
[292, 384, 256, 0.312535, 0.00431195, 0.275818, 0.602557]
[293, 256, 384, 0.312989, 0.00431832, 0.276069, 0.603969]
[294, 384, 256, 0.313489, 0.00432456, 0.276429, 0.604677]
[295, 384, 256, 0.313528, 0.00431089, 0.275292, 0.605875]
[296, 256, 384, 0.314377, 0.00435403, 0.275664, 0.60458]
[297, 256, 384, 0.314884, 0.00426962, 0.275079, 0.603074]
[298, 384, 256, 0.315132, 0.00436007, 0.277551, 0.610838]
[299, 384, 256, 0.314606, 0.0043226, 0.279298, 0.608073]
[300, 384, 256, 0.31285, 0.00433343, 0.275972, 0.624593]
[301, 384, 256, 0.311852, 0.00431305, 0.275475, 0.614456]
[302, 384, 256, 0.312752, 0.00437118, 0.274777, 0.623537]
[303, 384, 256, 0.313411, 0.00431262, 0.276063, 0.618705]
[304, 384, 256, 0.318607, 0.00430186, 0.276015, 0.655039]
[305, 384, 256, 0.313379, 0.0043768, 0.276908, 0.614672]
[306, 384, 256, 0.314534, 0.00434486, 0.275496, 0.61563]
[307, 384, 256, 0.319772, 0.00445261, 0.27702, 0.659444]
[308, 384, 256, 0.316008, 0.00437614, 0.275312, 0.653202]
[309, 384, 256, 0.313809, 0.00430241, 0.275376, 0.620669]
[310, 384, 256, 0.312026, 0.00436115, 0.274325, 0.621816]
[311, 384, 256, 0.313823, 0.0043174, 0.275286, 0.609697]
[312, 384, 256, 0.312254, 0.00436987, 0.276745, 0.621196]
[313, 384, 256, 0.313123, 0.0043347, 0.275782, 0.617297]
[314, 384, 256, 0.314909, 0.00432014, 0.275986, 0.623753]
[315, 384, 256, 0.31175, 0.00437342, 0.275356, 0.614674]
[316, 384, 256, 0.321711, 0.00430846, 0.276813, 0.706167]
[317, 384, 256, 0.31858, 0.00438791, 0.276458, 0.662725]
[318, 384, 256, 0.313867, 0.00435963, 0.27622, 0.611489]
[319, 384, 256, 0.312238, 0.00434896, 0.275261, 0.61673]
[320, 384, 256, 0.31282, 0.00435196, 0.275748, 0.622663]
[321, 384, 256, 0.312113, 0.00439878, 0.274646, 0.617949]
[322, 384, 256, 0.313099, 0.00438292, 0.27631, 0.62537]
[323, 384, 256, 0.31707, 0.00432456, 0.27575, 0.62536]
[324, 384, 256, 0.315018, 0.00433209, 0.274972, 0.640355]
[325, 384, 256, 0.31421, 0.00437955, 0.276495, 0.635687]
[326, 384, 256, 0.314051, 0.00433416, 0.275795, 0.616934]
[327, 384, 256, 0.31235, 0.00434346, 0.275603, 0.622741]
[328, 384, 256, 0.313354, 0.00436957, 0.27585, 0.628813]
[329, 384, 256, 0.312665, 0.00441052, 0.276673, 0.615624]
[330, 384, 256, 0.319442, 0.00432707, 0.275935, 0.656063]
[331, 384, 256, 0.314346, 0.00438888, 0.275598, 0.633528]
[332, 384, 256, 0.314841, 0.00431142, 0.276147, 0.635264]
[333, 384, 256, 0.312914, 0.00437356, 0.276874, 0.605522]
[334, 384, 256, 0.318298, 0.00432777, 0.276542, 0.650839]
[335, 384, 256, 0.315365, 0.00433313, 0.275686, 0.629841]
[336, 384, 256, 0.31439, 0.00440362, 0.275989, 0.621764]
[337, 384, 256, 0.317244, 0.00434634, 0.276384, 0.660122]
[338, 384, 256, 0.313002, 0.0043491, 0.275964, 0.623817]
[339, 384, 256, 0.313581, 0.00432151, 0.275587, 0.624568]
[340, 384, 256, 0.313658, 0.00436714, 0.275755, 0.620986]
[341, 384, 256, 0.31388, 0.00431506, 0.27532, 0.621676]
[342, 384, 256, 0.315117, 0.00434836, 0.27545, 0.616036]
[343, 384, 256, 0.313341, 0.00440567, 0.275086, 0.619732]
[344, 384, 256, 0.313625, 0.00434001, 0.276296, 0.60677]
[345, 384, 256, 0.314234, 0.00432438, 0.276241, 0.635386]
[346, 384, 256, 0.312104, 0.00432769, 0.275488, 0.618586]
[347, 384, 256, 0.312807, 0.00434678, 0.275503, 0.624587]
[348, 384, 256, 0.313039, 0.00440194, 0.276298, 0.615773]
[349, 384, 256, 0.312615, 0.00437766, 0.275102, 0.621671]
[350, 384, 256, 0.313817, 0.00437915, 0.274769, 0.63123]
[351, 384, 256, 0.313255, 0.00438333, 0.274514, 0.620361]
[352, 384, 256, 0.312748, 0.00441059, 0.276574, 0.622423]
[353, 384, 256, 0.314324, 0.0044037, 0.275784, 0.615328]
[354, 384, 256, 0.312945, 0.00433249, 0.274661, 0.628825]
[355, 384, 256, 0.314783, 0.00445608, 0.2757, 0.64284]
[356, 384, 256, 0.313395, 0.00436082, 0.275781, 0.623805]
[357, 384, 256, 0.314425, 0.00432999, 0.276919, 0.635264]
[358, 384, 256, 0.313013, 0.00437035, 0.275619, 0.620205]
[359, 384, 256, 0.311953, 0.00434471, 0.275849, 0.624024]
[360, 384, 256, 0.314094, 0.00447083, 0.274493, 0.622758]
[361, 384, 256, 0.313815, 0.00435587, 0.276161, 0.615281]
[362, 384, 256, 0.317979, 0.00433523, 0.275387, 0.676466]
[363, 384, 256, 0.315687, 0.00432021, 0.275623, 0.605071]
[364, 384, 256, 0.314229, 0.0043154, 0.275232, 0.620525]
[365, 384, 256, 0.312365, 0.00445669, 0.276408, 0.624808]
[366, 384, 256, 0.313388, 0.00439199, 0.276553, 0.614774]
[367, 384, 256, 0.31331, 0.0043672, 0.275226, 0.622334]
[368, 384, 256, 0.313389, 0.00432242, 0.27634, 0.621591]
[369, 384, 256, 0.314632, 0.00447497, 0.276463, 0.616142]
[370, 384, 256, 0.313803, 0.00433658, 0.276129, 0.630813]
[371, 384, 256, 0.312542, 0.00431187, 0.2755, 0.617878]
[372, 384, 256, 0.312941, 0.00436159, 0.275735, 0.613844]
[373, 384, 256, 0.313683, 0.0043069, 0.275838, 0.620324]
[374, 384, 256, 0.317381, 0.00434756, 0.275959, 0.647876]
[375, 384, 256, 0.314961, 0.00437974, 0.276347, 0.637505]
[376, 384, 256, 0.312023, 0.00435053, 0.276093, 0.617135]
[377, 384, 256, 0.313235, 0.00435752, 0.276839, 0.611416]
[378, 384, 256, 0.313242, 0.00432102, 0.276392, 0.627562]
[379, 384, 256, 0.314682, 0.00435747, 0.275903, 0.616379]
[380, 384, 256, 0.313307, 0.00432725, 0.276684, 0.616438]
[381, 384, 256, 0.323335, 0.00436343, 0.276371, 0.676394]
[382, 384, 256, 0.312987, 0.00432862, 0.278485, 0.620616]
[383, 384, 256, 0.314449, 0.00443624, 0.275189, 0.6035]
[384, 384, 256, 0.320015, 0.00435234, 0.276063, 0.664392]
[385, 384, 256, 0.312681, 0.00428465, 0.276118, 0.615803]
[386, 384, 256, 0.315176, 0.00433033, 0.275878, 0.639183]
[387, 384, 256, 0.314752, 0.00437046, 0.275304, 0.62009]
[388, 384, 256, 0.313449, 0.0043419, 0.275574, 0.618267]
[389, 384, 256, 0.313528, 0.00433269, 0.276146, 0.618093]
[390, 384, 256, 0.313871, 0.00437379, 0.275616, 0.619143]
[391, 384, 256, 0.313868, 0.00440176, 0.275685, 0.615535]
[392, 384, 256, 0.312985, 0.0043206, 0.275401, 0.61493]
[393, 256, 384, 0.318207, 0.00443681, 0.277618, 0.653837]
[394, 384, 256, 0.313653, 0.00442202, 0.275491, 0.626377]
[395, 384, 256, 0.313499, 0.00439566, 0.274797, 0.622209]
[396, 384, 256, 0.313153, 0.00440277, 0.275938, 0.616792]
[397, 384, 256, 0.318586, 0.0044172, 0.276266, 0.652329]
[398, 384, 256, 0.314446, 0.00434531, 0.276915, 0.621733]
[399, 256, 384, 0.312975, 0.00440038, 0.275959, 0.621214]
[400, 384, 256, 0.313331, 0.00429924, 0.275564, 0.614373]
[401, 384, 256, 0.314931, 0.0042613, 0.277227, 0.604987]
[402, 384, 256, 0.313417, 0.00424114, 0.275723, 0.601624]
[403, 384, 256, 0.313844, 0.0042216, 0.276539, 0.607686]
[404, 384, 256, 0.312257, 0.00424043, 0.275536, 0.599919]
[405, 384, 256, 0.312469, 0.00425004, 0.27676, 0.619914]
[406, 384, 256, 0.31171, 0.00423924, 0.27587, 0.615068]
[407, 384, 256, 0.313745, 0.00422641, 0.276736, 0.62039]
[408, 384, 256, 0.313408, 0.00430646, 0.275437, 0.604203]
[409, 384, 256, 0.312565, 0.00425231, 0.274571, 0.616152]
[410, 384, 256, 0.3114, 0.00424604, 0.27498, 0.617475]
[411, 384, 256, 0.312503, 0.00425087, 0.276049, 0.614916]
[412, 384, 256, 0.313596, 0.00425597, 0.274623, 0.624371]
[413, 384, 256, 0.317305, 0.00423209, 0.274645, 0.643053]
[414, 384, 256, 0.313535, 0.00426864, 0.275235, 0.61729]
[415, 384, 256, 0.312486, 0.00424508, 0.275256, 0.614608]
[416, 384, 256, 0.314875, 0.00423184, 0.275969, 0.617965]
[417, 384, 256, 0.31411, 0.00423407, 0.275684, 0.61347]
[418, 384, 256, 0.312001, 0.00424298, 0.276206, 0.614678]
[419, 384, 256, 0.316235, 0.00424804, 0.275148, 0.617585]
[420, 384, 256, 0.31498, 0.00421534, 0.274973, 0.626917]
[421, 384, 256, 0.312741, 0.00423269, 0.27507, 0.621893]
[422, 384, 256, 0.312625, 0.0042918, 0.277467, 0.618074]
[423, 384, 256, 0.313716, 0.00421407, 0.275688, 0.61507]
[424, 384, 256, 0.312558, 0.00427931, 0.275304, 0.60993]
[425, 384, 256, 0.316285, 0.00424618, 0.275286, 0.61092]
[426, 384, 256, 0.314596, 0.00429324, 0.277624, 0.62186]
[427, 384, 256, 0.314303, 0.00423222, 0.275924, 0.622933]
[428, 384, 256, 0.315556, 0.0042751, 0.275485, 0.616668]
[429, 384, 256, 0.314814, 0.00423211, 0.276283, 0.616696]
[430, 384, 256, 0.311974, 0.00425714, 0.276789, 0.61084]
[431, 384, 256, 0.312756, 0.00422006, 0.275659, 0.61981]
[432, 384, 256, 0.312937, 0.00423188, 0.276401, 0.623427]
[433, 384, 256, 0.313185, 0.00424957, 0.276407, 0.616742]
[434, 384, 256, 0.313508, 0.00422916, 0.275201, 0.613209]
[435, 384, 256, 0.317889, 0.00446946, 0.275394, 0.64631]
[436, 384, 256, 0.312514, 0.00425161, 0.276081, 0.601723]
[437, 384, 256, 0.312646, 0.00424147, 0.275022, 0.61278]
[438, 384, 256, 0.313723, 0.00424392, 0.276222, 0.618359]
[439, 384, 256, 0.31315, 0.00421587, 0.274625, 0.616303]
[440, 384, 256, 0.313562, 0.00426913, 0.275642, 0.619281]
[441, 384, 256, 0.314053, 0.00425261, 0.276161, 0.630557]
[442, 384, 256, 0.312289, 0.00424911, 0.276098, 0.618687]
[443, 384, 256, 0.313724, 0.00425917, 0.275882, 0.616274]
[444, 384, 256, 0.31311, 0.0042497, 0.276165, 0.605917]
[445, 384, 256, 0.312669, 0.00443979, 0.276611, 0.618195]
[446, 384, 256, 0.313725, 0.00424135, 0.277621, 0.612675]
[447, 384, 256, 0.312483, 0.00426355, 0.276746, 0.614494]
[448, 384, 256, 0.319193, 0.00424763, 0.275688, 0.655753]
[449, 384, 256, 0.316911, 0.00427069, 0.275832, 0.649267]
[450, 384, 256, 0.312946, 0.00423489, 0.274996, 0.614014]
[451, 384, 256, 0.313015, 0.00423498, 0.275034, 0.618164]
[452, 384, 256, 0.31192, 0.00424674, 0.27547, 0.619347]
[453, 384, 256, 0.312581, 0.00422919, 0.275238, 0.614149]
[454, 384, 256, 0.315363, 0.0042184, 0.275622, 0.618038]
[455, 384, 256, 0.317308, 0.00428008, 0.276521, 0.647489]
[456, 384, 256, 0.314119, 0.00423087, 0.276886, 0.617005]
[457, 384, 256, 0.313745, 0.00424958, 0.275798, 0.632405]
[458, 384, 256, 0.320463, 0.00427044, 0.278603, 0.676483]
[459, 384, 256, 0.312566, 0.00425448, 0.276047, 0.620471]
[460, 384, 256, 0.313727, 0.00422335, 0.275456, 0.624391]
[461, 384, 256, 0.313495, 0.00425841, 0.274873, 0.609021]
[462, 384, 256, 0.313446, 0.00423503, 0.276374, 0.621325]
[463, 384, 256, 0.312077, 0.00422854, 0.275256, 0.623128]
[464, 384, 256, 0.313921, 0.00423465, 0.275476, 0.620664]
[465, 384, 256, 0.313076, 0.0042319, 0.27671, 0.616491]
[466, 384, 256, 0.313623, 0.00423719, 0.275087, 0.622995]
[467, 384, 256, 0.313299, 0.0042195, 0.275809, 0.615971]
[468, 384, 256, 0.314057, 0.00423076, 0.276567, 0.603589]
[469, 384, 256, 0.312545, 0.00420383, 0.275238, 0.615059]
[470, 384, 256, 0.311975, 0.00425795, 0.274579, 0.609713]
[471, 384, 256, 0.3131, 0.00422996, 0.275996, 0.619414]
[472, 384, 256, 0.312081, 0.00422085, 0.274474, 0.623475]
[473, 384, 256, 0.313071, 0.00422947, 0.276324, 0.603688]
[474, 384, 256, 0.313072, 0.00421267, 0.276513, 0.615655]
[475, 384, 256, 0.321507, 0.00424492, 0.275011, 0.832842]
[476, 384, 256, 0.311648, 0.00422786, 0.275596, 0.615331]
[477, 384, 256, 0.313886, 0.00421709, 0.275939, 0.614522]
[478, 384, 256, 0.312425, 0.00424705, 0.276077, 0.602732]
[479, 384, 256, 0.311876, 0.00423639, 0.274052, 0.614485]
[480, 384, 256, 0.314451, 0.00422747, 0.274341, 0.610765]
[481, 384, 256, 0.311566, 0.00422199, 0.275331, 0.622644]
[482, 384, 256, 0.334987, 0.00426377, 0.275649, 0.863535]
[483, 384, 256, 0.316173, 0.00423426, 0.276608, 0.607121]
[484, 384, 256, 0.313077, 0.00423465, 0.277115, 0.610774]
[485, 384, 256, 0.31239, 0.00428358, 0.275335, 0.612502]
[486, 384, 256, 0.313126, 0.00426768, 0.275615, 0.606356]
[487, 384, 256, 0.317073, 0.00423337, 0.27559, 0.651555]
[488, 384, 256, 0.313043, 0.00423857, 0.275694, 0.631917]
[489, 384, 256, 0.312708, 0.00423207, 0.274319, 0.604362]
[490, 384, 256, 0.312742, 0.00424505, 0.27552, 0.621945]
[491, 384, 256, 0.31308, 0.00422277, 0.276759, 0.616393]
[492, 384, 256, 0.312476, 0.00426224, 0.275309, 0.614635]
[493, 384, 256, 0.316638, 0.00421529, 0.275746, 0.617062]
[494, 384, 256, 0.31353, 0.00422567, 0.274525, 0.612897]
[495, 384, 256, 0.313678, 0.00424091, 0.276714, 0.633199]
[496, 384, 256, 0.311865, 0.00422883, 0.275622, 0.617872]
[497, 384, 256, 0.320856, 0.00423448, 0.275572, 0.675108]
[498, 384, 256, 0.313256, 0.00422212, 0.275139, 0.610967]
[499, 384, 256, 0.316801, 0.00424501, 0.275255, 0.639174]
[500, 256, 384, 0.322508, 0.00435616, 0.275411, 0.767975]
[501, 384, 256, 0.315752, 0.00442837, 0.276122, 0.641504]
[502, 256, 384, 0.313794, 0.0043972, 0.276547, 0.616503]
[503, 384, 256, 0.312971, 0.00438784, 0.275877, 0.603076]
[504, 256, 384, 0.313477, 0.00438884, 0.275404, 0.631332]
[505, 384, 256, 0.313215, 0.00432869, 0.276017, 0.622895]
[506, 384, 256, 0.313522, 0.00434588, 0.274731, 0.615328]
[507, 384, 256, 0.316302, 0.00432358, 0.276784, 0.641651]
[508, 384, 256, 0.312561, 0.00442147, 0.275812, 0.618653]
[509, 384, 256, 0.312635, 0.00438152, 0.2759, 0.614386]
[510, 384, 256, 0.311771, 0.00436341, 0.277017, 0.618625]
[511, 384, 256, 0.314475, 0.00435742, 0.274904, 0.621198]
[512, 384, 256, 0.312699, 0.0044708, 0.277214, 0.622878]
[513, 384, 256, 0.312601, 0.00441012, 0.275258, 0.62122]
[514, 384, 256, 0.314833, 0.00434413, 0.274481, 0.641908]
[515, 384, 256, 0.312965, 0.00440402, 0.276032, 0.603908]
[516, 384, 256, 0.31229, 0.00435542, 0.276845, 0.617572]
[517, 384, 256, 0.314669, 0.00433382, 0.275871, 0.620691]
[518, 384, 256, 0.3139, 0.0043979, 0.276156, 0.625051]
[519, 384, 256, 0.312807, 0.00435282, 0.276063, 0.612925]
[520, 384, 256, 0.312675, 0.00433516, 0.27684, 0.623513]
[521, 384, 256, 0.313504, 0.00435184, 0.275378, 0.626729]
[522, 384, 256, 0.313237, 0.00433515, 0.275825, 0.625461]
[523, 384, 256, 0.312475, 0.00431134, 0.275252, 0.620447]
[524, 256, 384, 0.312808, 0.00437051, 0.275024, 0.615375]
[525, 384, 256, 0.313767, 0.00437933, 0.27555, 0.615701]
[526, 256, 384, 0.313519, 0.00442504, 0.276506, 0.615868]
[527, 384, 256, 0.3135, 0.00434759, 0.275849, 0.612493]
[528, 384, 256, 0.313483, 0.00432774, 0.276154, 0.615151]
[529, 384, 256, 0.312938, 0.00433134, 0.276422, 0.619333]
[530, 384, 256, 0.313783, 0.00431158, 0.275568, 0.621357]
[531, 384, 256, 0.313206, 0.00437726, 0.275629, 0.617279]
[532, 384, 256, 0.315407, 0.00433505, 0.274427, 0.616394]
[533, 256, 384, 0.345194, 0.00438639, 0.282797, 0.887527]
[534, 384, 256, 0.313689, 0.00437958, 0.275694, 0.624861]
[535, 384, 256, 0.315808, 0.00437963, 0.275626, 0.651539]
[536, 384, 256, 0.313921, 0.00430585, 0.27631, 0.625756]
[537, 384, 256, 0.312532, 0.00436671, 0.274861, 0.626043]
[538, 384, 256, 0.317344, 0.00441858, 0.275732, 0.655048]
[539, 384, 256, 0.313755, 0.00436921, 0.276701, 0.61962]
[540, 384, 256, 0.314041, 0.00436722, 0.275138, 0.622262]
[541, 384, 256, 0.316766, 0.00436387, 0.276725, 0.655213]
[542, 384, 256, 0.313553, 0.00440215, 0.275173, 0.612811]
[543, 384, 256, 0.311731, 0.00437674, 0.275917, 0.603601]
[544, 384, 256, 0.312617, 0.00432642, 0.275502, 0.603612]
[545, 384, 256, 0.313313, 0.0044024, 0.275784, 0.630512]
[546, 384, 256, 0.313307, 0.00433886, 0.277012, 0.623872]
[547, 384, 256, 0.314289, 0.00435756, 0.275871, 0.620116]
[548, 384, 256, 0.319315, 0.00427749, 0.27555, 0.680596]
[549, 384, 256, 0.312415, 0.00437726, 0.275962, 0.623886]
[550, 384, 256, 0.315582, 0.00431937, 0.275886, 0.623313]
[551, 384, 256, 0.313328, 0.00436921, 0.27624, 0.623269]
[552, 384, 256, 0.316357, 0.00438909, 0.276213, 0.649031]
[553, 256, 384, 0.313634, 0.00428728, 0.275528, 0.620507]
[554, 384, 256, 0.313346, 0.0043249, 0.275813, 0.61451]
[555, 256, 384, 0.314292, 0.00436471, 0.276651, 0.616777]
[556, 384, 256, 0.312846, 0.00434047, 0.27397, 0.614643]
[557, 384, 256, 0.312326, 0.00441318, 0.275546, 0.619231]
[558, 384, 256, 0.313312, 0.0043916, 0.276234, 0.623091]
[559, 384, 256, 0.313781, 0.00436679, 0.275838, 0.62555]
[560, 384, 256, 0.316642, 0.00440486, 0.274981, 0.648208]
[561, 384, 256, 0.31255, 0.00427455, 0.276419, 0.613161]
[562, 384, 256, 0.313047, 0.00433289, 0.276648, 0.614904]
[563, 384, 256, 0.313149, 0.0044673, 0.276065, 0.630586]
[564, 384, 256, 0.314071, 0.00435835, 0.275116, 0.618528]
[565, 384, 256, 0.31465, 0.00429106, 0.276753, 0.621828]
[566, 384, 256, 0.313737, 0.00431451, 0.276148, 0.624313]
[567, 384, 256, 0.320023, 0.00438832, 0.274057, 0.6534]
[568, 384, 256, 0.313329, 0.00432766, 0.276005, 0.613627]
[569, 384, 256, 0.315027, 0.00436344, 0.273989, 0.632295]
[570, 384, 256, 0.3128, 0.00431815, 0.275915, 0.616452]
[571, 384, 256, 0.313696, 0.00438126, 0.275076, 0.605097]
[572, 384, 256, 0.31444, 0.00440369, 0.274975, 0.604694]
[573, 384, 256, 0.31444, 0.00440132, 0.275162, 0.607481]
[574, 256, 384, 0.312158, 0.00434641, 0.2757, 0.602591]
[575, 384, 256, 0.313545, 0.00441172, 0.275625, 0.632484]
[576, 384, 256, 0.312585, 0.00441876, 0.275437, 0.602954]
[577, 384, 256, 0.312749, 0.00437781, 0.275686, 0.602838]
[578, 384, 256, 0.312069, 0.00437601, 0.27581, 0.60301]
[579, 384, 256, 0.311805, 0.00430193, 0.274946, 0.600586]
[580, 384, 256, 0.311758, 0.00443211, 0.274851, 0.601995]
[581, 384, 256, 0.316393, 0.0044401, 0.275915, 0.609601]
[582, 256, 384, 0.313763, 0.00432052, 0.275677, 0.620045]
[583, 384, 256, 0.313591, 0.00440366, 0.277014, 0.609927]
[584, 384, 256, 0.313234, 0.00430228, 0.275204, 0.605576]
[585, 256, 384, 0.313731, 0.00428849, 0.275914, 0.603792]
[586, 384, 256, 0.322263, 0.00428622, 0.275531, 0.618358]
[587, 384, 256, 0.31766, 0.00436285, 0.275302, 0.669]
[588, 384, 256, 0.312669, 0.00438245, 0.274844, 0.624427]
[589, 384, 256, 0.313571, 0.00431692, 0.275903, 0.625422]
[590, 384, 256, 0.312434, 0.004295, 0.27547, 0.624794]
[591, 256, 384, 0.314334, 0.00428939, 0.277053, 0.624381]
[592, 384, 256, 0.313047, 0.0043086, 0.276032, 0.620659]
[593, 384, 256, 0.313387, 0.00429098, 0.276175, 0.627672]
[594, 384, 256, 0.318382, 0.00438004, 0.276637, 0.648666]
[595, 384, 256, 0.318771, 0.00430347, 0.27584, 0.657641]
[596, 256, 384, 0.316656, 0.00430061, 0.27544, 0.64306]
[597, 384, 256, 0.313529, 0.00433541, 0.277257, 0.623606]
[598, 256, 384, 0.31295, 0.00432348, 0.274147, 0.627446]
[599, 256, 384, 0.313845, 0.00427484, 0.276095, 0.62147]
[600, 384, 256, 0.313454, 0.00423273, 0.276243, 0.624643]
[601, 384, 256, 0.31427, 0.0042487, 0.274808, 0.615541]
[602, 384, 256, 0.317242, 0.00424307, 0.275, 0.642662]
[603, 384, 256, 0.311873, 0.00423351, 0.275739, 0.625208]
[604, 384, 256, 0.313063, 0.00422029, 0.276033, 0.624728]
[605, 384, 256, 0.312572, 0.00423594, 0.275437, 0.614737]
[606, 384, 256, 0.313827, 0.00423362, 0.276291, 0.616034]
[607, 384, 256, 0.313256, 0.00422563, 0.275171, 0.619956]
[608, 384, 256, 0.313403, 0.00424403, 0.274494, 0.615312]
[609, 384, 256, 0.312861, 0.00421531, 0.27523, 0.621422]
[610, 384, 256, 0.313795, 0.00422258, 0.275113, 0.623323]
[611, 384, 256, 0.314693, 0.00422445, 0.276083, 0.615757]
[612, 384, 256, 0.312379, 0.00424474, 0.275023, 0.611052]
[613, 384, 256, 0.313012, 0.00423047, 0.274291, 0.623685]
[614, 384, 256, 0.313048, 0.00422833, 0.276783, 0.603637]
[615, 384, 256, 0.312766, 0.00422816, 0.275043, 0.608153]
[616, 384, 256, 0.313744, 0.00420247, 0.276335, 0.624327]
[617, 384, 256, 0.314934, 0.00422436, 0.276978, 0.624911]
[618, 384, 256, 0.314045, 0.00421606, 0.277689, 0.606119]
[619, 384, 256, 0.312893, 0.00425349, 0.276987, 0.622741]
[620, 384, 256, 0.31255, 0.00424461, 0.275395, 0.620235]
[621, 384, 256, 0.312996, 0.00424227, 0.275187, 0.614192]
[622, 384, 256, 0.313721, 0.00423271, 0.276203, 0.616096]
[623, 384, 256, 0.311768, 0.00422763, 0.275652, 0.612039]
[624, 384, 256, 0.320211, 0.004238, 0.275464, 0.672143]
[625, 384, 256, 0.312581, 0.00420784, 0.27548, 0.601186]
[626, 384, 256, 0.311992, 0.00424607, 0.275442, 0.620917]
[627, 384, 256, 0.313362, 0.00422232, 0.274917, 0.622734]
[628, 384, 256, 0.316651, 0.00421045, 0.274815, 0.642047]
[629, 384, 256, 0.313864, 0.00424543, 0.276424, 0.632861]
[630, 384, 256, 0.315034, 0.00424655, 0.275482, 0.636359]
[631, 384, 256, 0.314209, 0.00422145, 0.275465, 0.619881]
[632, 384, 256, 0.320295, 0.0042532, 0.276113, 0.688146]
[633, 384, 256, 0.318725, 0.00422215, 0.275313, 0.685531]
[634, 384, 256, 0.313921, 0.00422515, 0.275808, 0.617908]
[635, 384, 256, 0.313073, 0.00424828, 0.275834, 0.629012]
[636, 384, 256, 0.319628, 0.00424913, 0.27488, 0.672409]
[637, 384, 256, 0.313285, 0.00425216, 0.274723, 0.623068]
[638, 384, 256, 0.31467, 0.00424957, 0.275243, 0.624008]
[639, 384, 256, 0.315145, 0.00421663, 0.277369, 0.616172]
[640, 384, 256, 0.318427, 0.00425564, 0.275014, 0.66682]
[641, 384, 256, 0.314459, 0.00422318, 0.276156, 0.629327]
[642, 384, 256, 0.314007, 0.00430233, 0.275011, 0.619927]
[643, 384, 256, 0.312685, 0.00420911, 0.27513, 0.630578]
[644, 384, 256, 0.313858, 0.00423707, 0.27642, 0.616568]
[645, 384, 256, 0.312752, 0.00426388, 0.27564, 0.622559]
[646, 384, 256, 0.312855, 0.00424136, 0.274368, 0.612647]
[647, 384, 256, 0.314468, 0.00421899, 0.276216, 0.624526]
[648, 384, 256, 0.316609, 0.00424098, 0.275454, 0.64159]
[649, 384, 256, 0.313666, 0.00424184, 0.275082, 0.620742]
[650, 384, 256, 0.31266, 0.00420572, 0.27618, 0.630354]
[651, 384, 256, 0.3156, 0.00424375, 0.275181, 0.642598]
[652, 384, 256, 0.313478, 0.00423951, 0.275879, 0.605687]
[653, 384, 256, 0.317661, 0.00423784, 0.27552, 0.649453]
[654, 384, 256, 0.337731, 0.00427279, 0.278702, 0.671013]
[655, 384, 256, 0.315496, 0.0042325, 0.276216, 0.636004]
[656, 384, 256, 0.314666, 0.00421267, 0.27922, 0.636009]
[657, 384, 256, 0.312007, 0.00421499, 0.276513, 0.604363]
[658, 384, 256, 0.312716, 0.00421428, 0.275459, 0.626437]
[659, 384, 256, 0.313575, 0.00422227, 0.276445, 0.615413]
[660, 384, 256, 0.313707, 0.00421317, 0.274352, 0.610543]
[661, 384, 256, 0.319647, 0.00426434, 0.27565, 0.663752]
[662, 384, 256, 0.314617, 0.00422784, 0.275853, 0.6176]
[663, 384, 256, 0.312892, 0.00422117, 0.275083, 0.609448]
[664, 384, 256, 0.311968, 0.0042377, 0.275052, 0.606139]
[665, 384, 256, 0.312839, 0.00422604, 0.277096, 0.616601]
[666, 384, 256, 0.313912, 0.00424271, 0.277045, 0.62339]
[667, 384, 256, 0.31263, 0.00421951, 0.275203, 0.619968]
[668, 384, 256, 0.314483, 0.00423532, 0.275848, 0.617619]
[669, 384, 256, 0.312923, 0.00422931, 0.275947, 0.618561]
[670, 384, 256, 0.313156, 0.0042526, 0.276554, 0.606038]
[671, 384, 256, 0.313558, 0.0042799, 0.276289, 0.619384]
[672, 384, 256, 0.315196, 0.00425195, 0.277453, 0.624315]
[673, 384, 256, 0.314258, 0.00426154, 0.276285, 0.622891]
[674, 256, 384, 0.314288, 0.00423919, 0.276338, 0.606669]
[675, 384, 256, 0.31311, 0.00422072, 0.274883, 0.601625]
[676, 256, 384, 0.314206, 0.00423501, 0.276306, 0.616645]
[677, 256, 384, 0.313228, 0.00419741, 0.276272, 0.628044]
[678, 256, 384, 0.313349, 0.00419605, 0.276066, 0.614715]
[679, 256, 384, 0.312838, 0.00423275, 0.274539, 0.615731]
[680, 256, 384, 0.312829, 0.00422205, 0.274929, 0.623096]
[681, 384, 256, 0.312727, 0.00418539, 0.275704, 0.623142]
[682, 384, 256, 0.321755, 0.00419537, 0.276068, 0.665778]
[683, 384, 256, 0.312937, 0.00424151, 0.27534, 0.621902]
[684, 256, 384, 0.314438, 0.00422324, 0.27674, 0.624242]
[685, 384, 256, 0.312675, 0.00426843, 0.27639, 0.621988]
[686, 384, 256, 0.312774, 0.00424467, 0.274009, 0.620596]
[687, 384, 256, 0.31335, 0.004276, 0.276411, 0.617976]
[688, 384, 256, 0.313568, 0.00424384, 0.276065, 0.603258]
[689, 384, 256, 0.314926, 0.00430895, 0.27538, 0.61121]
[690, 384, 256, 0.312354, 0.00430954, 0.275015, 0.612641]
[691, 384, 256, 0.313776, 0.00423603, 0.276663, 0.61981]
[692, 384, 256, 0.312701, 0.00423652, 0.275297, 0.601696]
[693, 384, 256, 0.313756, 0.00429851, 0.276655, 0.61867]
[694, 384, 256, 0.313007, 0.00424164, 0.275141, 0.612417]
[695, 384, 256, 0.313216, 0.0042309, 0.274423, 0.61359]
[696, 384, 256, 0.314109, 0.00422309, 0.276832, 0.610213]
[697, 256, 384, 0.315654, 0.00424878, 0.278159, 0.627419]
[698, 384, 256, 0.311984, 0.00424488, 0.276692, 0.609036]
[699, 384, 256, 0.321059, 0.00426441, 0.276739, 0.669942]
[700, 384, 256, 0.312615, 0.00438697, 0.275675, 0.605107]
[701, 384, 256, 0.313585, 0.00441011, 0.275482, 0.609468]
[702, 384, 256, 0.316973, 0.00441616, 0.276068, 0.608259]
[703, 384, 256, 0.312427, 0.00442518, 0.276337, 0.609384]
[704, 384, 256, 0.313617, 0.0043487, 0.276434, 0.604789]
[705, 384, 256, 0.312713, 0.00446904, 0.275524, 0.603475]
[706, 384, 256, 0.312488, 0.00444362, 0.275941, 0.604348]
[707, 384, 256, 0.313579, 0.00435136, 0.274977, 0.622567]
[708, 384, 256, 0.316666, 0.00445066, 0.276483, 0.6626]
[709, 256, 384, 0.311958, 0.0043155, 0.275163, 0.610428]
[710, 384, 256, 0.325072, 0.00431834, 0.276523, 0.707309]
[711, 384, 256, 0.313519, 0.00437955, 0.27531, 0.617556]
[712, 384, 256, 0.315772, 0.00443254, 0.277178, 0.65068]
[713, 384, 256, 0.313281, 0.00443371, 0.276302, 0.622629]
[714, 384, 256, 0.314349, 0.00427829, 0.276486, 0.622876]
[715, 384, 256, 0.313324, 0.00428344, 0.276182, 0.613611]
[716, 384, 256, 0.312501, 0.00470464, 0.276334, 0.630087]
[717, 384, 256, 0.315098, 0.00434015, 0.277435, 0.636862]
[718, 384, 256, 0.31339, 0.00447511, 0.275443, 0.621449]
[719, 384, 256, 0.313243, 0.0043437, 0.275355, 0.621235]
[720, 384, 256, 0.319001, 0.00443347, 0.275087, 0.66917]
[721, 384, 256, 0.313566, 0.00431351, 0.275296, 0.619617]
[722, 256, 384, 0.314824, 0.00432051, 0.275794, 0.625114]
[723, 384, 256, 0.31384, 0.00431064, 0.27465, 0.613328]
[724, 384, 256, 0.315072, 0.00429577, 0.27554, 0.634926]
[725, 384, 256, 0.312188, 0.00437934, 0.275369, 0.619788]
[726, 384, 256, 0.314548, 0.00435981, 0.276229, 0.629143]
[727, 384, 256, 0.313839, 0.00435865, 0.275199, 0.627221]
[728, 384, 256, 0.314429, 0.00438873, 0.276596, 0.625307]
[729, 384, 256, 0.314163, 0.00439556, 0.275607, 0.616376]
[730, 384, 256, 0.311818, 0.00442179, 0.276045, 0.622154]
[731, 256, 384, 0.312326, 0.00437369, 0.275317, 0.62114]
[732, 384, 256, 0.313575, 0.00444049, 0.274741, 0.615334]
[733, 256, 384, 0.313225, 0.00427373, 0.274597, 0.621746]
[734, 384, 256, 0.317158, 0.00439183, 0.276596, 0.658314]
[735, 384, 256, 0.315066, 0.0044103, 0.275486, 0.617154]
[736, 384, 256, 0.316032, 0.00440399, 0.276321, 0.622091]
[737, 384, 256, 0.315992, 0.00438585, 0.274827, 0.621167]
[738, 384, 256, 0.312647, 0.00434183, 0.276091, 0.60774]
[739, 384, 256, 0.313665, 0.00437532, 0.274664, 0.622986]
[740, 384, 256, 0.3177, 0.00437101, 0.278801, 0.664976]
[741, 384, 256, 0.312474, 0.0043948, 0.27618, 0.625055]
[742, 384, 256, 0.313641, 0.00440906, 0.275379, 0.628405]
[743, 384, 256, 0.312574, 0.00439024, 0.275855, 0.618033]
[744, 384, 256, 0.313092, 0.00436404, 0.275828, 0.60601]
[745, 384, 256, 0.313497, 0.00440017, 0.274999, 0.605261]
[746, 384, 256, 0.313691, 0.00433276, 0.275993, 0.607151]
[747, 384, 256, 0.312594, 0.00442459, 0.276462, 0.608697]
[748, 384, 256, 0.312531, 0.00434698, 0.275593, 0.608619]
[749, 384, 256, 0.31248, 0.00439116, 0.276164, 0.60543]
[750, 384, 256, 0.314523, 0.0043641, 0.275556, 0.605868]
[751, 384, 256, 0.314717, 0.00443792, 0.27562, 0.620131]
[752, 384, 256, 0.31472, 0.00437159, 0.274926, 0.607205]
[753, 256, 384, 0.313711, 0.00433159, 0.275554, 0.604682]
[754, 256, 384, 0.314447, 0.00434278, 0.274887, 0.6078]
[755, 256, 384, 0.313557, 0.00440909, 0.276391, 0.607918]
[756, 256, 384, 0.312618, 0.00437633, 0.274932, 0.603339]
[757, 256, 384, 0.31322, 0.00439598, 0.276502, 0.606338]
[758, 384, 256, 0.314416, 0.00437919, 0.279573, 0.609771]
[759, 384, 256, 0.313623, 0.00438738, 0.275549, 0.60816]
[760, 384, 256, 0.313732, 0.00439437, 0.275704, 0.615322]
[761, 256, 384, 0.312674, 0.00441359, 0.275124, 0.604598]
[762, 384, 256, 0.31214, 0.00439253, 0.27535, 0.604303]
[763, 384, 256, 0.312131, 0.00446781, 0.275323, 0.60365]
[764, 384, 256, 0.312857, 0.00438302, 0.277959, 0.606801]
[765, 256, 384, 0.312875, 0.00432315, 0.275121, 0.603067]
[766, 384, 256, 0.312949, 0.00439352, 0.276092, 0.604391]
[767, 384, 256, 0.312651, 0.00439735, 0.277135, 0.606529]
[768, 384, 256, 0.312501, 0.00443597, 0.275217, 0.614602]
[769, 384, 256, 0.313748, 0.00441226, 0.27654, 0.607046]
[770, 384, 256, 0.313937, 0.00445059, 0.276249, 0.612967]
[771, 384, 256, 0.312648, 0.00435525, 0.275536, 0.608251]
[772, 384, 256, 0.312473, 0.00438605, 0.276586, 0.604742]
[773, 384, 256, 0.314829, 0.00438392, 0.279529, 0.610491]
[774, 384, 256, 0.312372, 0.00440613, 0.275584, 0.603857]
[775, 256, 384, 0.314252, 0.00435568, 0.276175, 0.606501]
[776, 256, 384, 0.314756, 0.00440391, 0.27499, 0.608832]
[777, 256, 384, 0.329744, 0.00440919, 0.275434, 0.645861]
[778, 256, 384, 0.315736, 0.00436403, 0.274911, 0.606524]
[779, 256, 384, 0.312876, 0.00437615, 0.275621, 0.603608]
[780, 256, 384, 0.312075, 0.00444806, 0.27578, 0.605248]
[781, 256, 384, 0.313593, 0.00440799, 0.273982, 0.602233]
[782, 256, 384, 0.31268, 0.0043477, 0.274667, 0.602778]
[783, 384, 256, 0.314145, 0.0043945, 0.277131, 0.607398]
[784, 384, 256, 0.312744, 0.00436054, 0.276235, 0.60416]
[785, 384, 256, 0.314272, 0.00429308, 0.274435, 0.622039]
[786, 384, 256, 0.313488, 0.00440304, 0.276846, 0.607168]
[787, 384, 256, 0.313131, 0.0043069, 0.275699, 0.604563]
[788, 384, 256, 0.313082, 0.00439781, 0.27556, 0.617466]
[789, 384, 256, 0.313948, 0.0044367, 0.274543, 0.605775]
[790, 384, 256, 0.313809, 0.00440105, 0.276272, 0.616376]
[791, 384, 256, 0.312102, 0.00445257, 0.275944, 0.613142]
[792, 384, 256, 0.312439, 0.00441989, 0.275688, 0.606571]
[793, 384, 256, 0.312668, 0.00435471, 0.275596, 0.605201]
[794, 256, 384, 0.313445, 0.00433595, 0.275437, 0.604316]
[795, 384, 256, 0.314457, 0.00447356, 0.275268, 0.614929]
[796, 384, 256, 0.313908, 0.00433528, 0.276332, 0.609761]
[797, 384, 256, 0.313856, 0.00436392, 0.276338, 0.606261]
[798, 384, 256, 0.315619, 0.00441707, 0.275487, 0.607679]
[799, 384, 256, 0.31319, 0.00447994, 0.276831, 0.606233]
[800, 384, 256, 0.312788, 0.00438401, 0.275101, 0.603979]
[801, 256, 384, 0.314576, 0.00437861, 0.275454, 0.607707]
[802, 384, 256, 0.312489, 0.00436765, 0.275484, 0.609819]
[803, 384, 256, 0.313531, 0.00438511, 0.276356, 0.60492]
[804, 384, 256, 0.314051, 0.00432009, 0.274669, 0.607789]
[805, 384, 256, 0.312731, 0.00433334, 0.274851, 0.604136]
[806, 256, 384, 0.313226, 0.00433352, 0.276089, 0.610959]
[807, 384, 256, 0.314008, 0.00427416, 0.275138, 0.603872]
[808, 256, 384, 0.312824, 0.00426677, 0.276613, 0.608746]
[809, 384, 256, 0.313704, 0.00435127, 0.275209, 0.607659]
[810, 256, 384, 0.312898, 0.00422874, 0.275682, 0.602525]
[811, 384, 256, 0.312769, 0.0042667, 0.276377, 0.605255]
[812, 256, 384, 0.314057, 0.00433521, 0.276379, 0.608199]
[813, 256, 384, 0.314595, 0.00438513, 0.27584, 0.605458]
[814, 256, 384, 0.313283, 0.00434182, 0.275582, 0.612998]
[815, 384, 256, 0.313889, 0.00432562, 0.276716, 0.605855]
[816, 384, 256, 0.313133, 0.00432071, 0.277057, 0.605774]
[817, 384, 256, 0.316245, 0.00431134, 0.276112, 0.608094]
[818, 256, 384, 0.31263, 0.0043729, 0.275972, 0.606675]
[819, 384, 256, 0.313454, 0.00437804, 0.275379, 0.604269]
[820, 256, 384, 0.312328, 0.00427348, 0.276813, 0.603533]
[821, 384, 256, 0.312816, 0.00433433, 0.276695, 0.605999]
[822, 384, 256, 0.321818, 0.00429691, 0.276318, 0.616957]
[823, 384, 256, 0.312964, 0.0043732, 0.276158, 0.605822]
[824, 384, 256, 0.313481, 0.00433429, 0.275577, 0.604495]
[825, 384, 256, 0.312781, 0.00432702, 0.275677, 0.6122]
[826, 384, 256, 0.312412, 0.00431674, 0.275826, 0.605471]
[827, 384, 256, 0.31348, 0.00432714, 0.276151, 0.60641]
[828, 384, 256, 0.313237, 0.004318, 0.274714, 0.604213]
[829, 384, 256, 0.313103, 0.00435569, 0.274609, 0.618433]
[830, 384, 256, 0.312696, 0.00435502, 0.275947, 0.604787]
[831, 384, 256, 0.313513, 0.00425759, 0.275422, 0.601967]
[832, 256, 384, 0.316254, 0.00434371, 0.275625, 0.60675]
[833, 384, 256, 0.31398, 0.00427709, 0.275707, 0.604354]
[834, 384, 256, 0.312725, 0.00428485, 0.274907, 0.603034]
[835, 384, 256, 0.31425, 0.00427167, 0.275544, 0.605547]
[836, 256, 384, 0.313478, 0.00430137, 0.275951, 0.604506]
[837, 256, 384, 0.312796, 0.00438728, 0.275879, 0.626234]
[838, 384, 256, 0.313549, 0.00434925, 0.275928, 0.60588]
[839, 256, 384, 0.318686, 0.0043138, 0.275919, 0.611059]
[840, 256, 384, 0.312499, 0.00437519, 0.275498, 0.60397]
[841, 384, 256, 0.312349, 0.00440608, 0.276439, 0.605476]
[842, 256, 384, 0.313694, 0.00429322, 0.275929, 0.603948]
[843, 384, 256, 0.31421, 0.00429649, 0.276214, 0.605723]
[844, 384, 256, 0.313759, 0.00430567, 0.275571, 0.604783]
[845, 256, 384, 0.312707, 0.00437014, 0.2764, 0.607118]
[846, 384, 256, 0.313926, 0.00426454, 0.27469, 0.603263]
[847, 256, 384, 0.312477, 0.00434079, 0.274998, 0.603997]
[848, 256, 384, 0.313002, 0.00434631, 0.275342, 0.61087]
[849, 384, 256, 0.312708, 0.00434755, 0.27656, 0.603601]
[850, 256, 384, 0.313048, 0.00426181, 0.275216, 0.602989]
[851, 384, 256, 0.314402, 0.00439705, 0.276093, 0.605648]
[852, 384, 256, 0.313709, 0.00423951, 0.276918, 0.603956]
[853, 384, 256, 0.312722, 0.00431108, 0.276461, 0.603807]
[854, 384, 256, 0.312345, 0.00437688, 0.275597, 0.604391]
[855, 256, 384, 0.313502, 0.00439522, 0.27528, 0.605073]
[856, 256, 384, 0.312335, 0.00430963, 0.275923, 0.603863]
[857, 384, 256, 0.326852, 0.00433094, 0.275906, 0.637411]
[858, 384, 256, 0.324895, 0.00434066, 0.275952, 0.632972]
[859, 384, 256, 0.311908, 0.00435663, 0.274757, 0.601788]
[860, 384, 256, 0.312419, 0.00434244, 0.275384, 0.604967]
[861, 256, 384, 0.31311, 0.00432551, 0.27511, 0.60331]
[862, 384, 256, 0.314501, 0.00470488, 0.276207, 0.608947]
[863, 256, 384, 0.314461, 0.00432713, 0.276424, 0.605928]
[864, 256, 384, 0.313586, 0.0043814, 0.274983, 0.604102]
[865, 256, 384, 0.311984, 0.00428487, 0.276017, 0.601972]
[866, 384, 256, 0.313425, 0.00432478, 0.276448, 0.605574]
[867, 384, 256, 0.311902, 0.00424982, 0.27566, 0.60193]
[868, 384, 256, 0.318281, 0.00444985, 0.276094, 0.608732]
[869, 384, 256, 0.313309, 0.00439683, 0.276178, 0.618588]
[870, 384, 256, 0.313622, 0.00435613, 0.276459, 0.618165]
[871, 256, 384, 0.315054, 0.00429719, 0.275896, 0.605591]
[872, 256, 384, 0.312862, 0.0043931, 0.275756, 0.604428]
[873, 384, 256, 0.312078, 0.00432197, 0.275731, 0.60363]
[874, 384, 256, 0.313252, 0.00434209, 0.274611, 0.618519]
[875, 384, 256, 0.314014, 0.00436209, 0.275681, 0.606167]
[876, 384, 256, 0.31328, 0.00429336, 0.276683, 0.606771]
[877, 256, 384, 0.313426, 0.00437715, 0.276992, 0.606913]
[878, 384, 256, 0.314604, 0.00431124, 0.275562, 0.615626]
[879, 384, 256, 0.313419, 0.00436602, 0.276184, 0.612447]
[880, 384, 256, 0.313407, 0.00432327, 0.275158, 0.621272]
[881, 384, 256, 0.311785, 0.00432858, 0.276388, 0.602746]
[882, 384, 256, 0.312983, 0.00439051, 0.274504, 0.614154]
[883, 256, 384, 0.312471, 0.00439103, 0.275589, 0.604709]
[884, 256, 384, 0.313952, 0.00421912, 0.275558, 0.617478]
[885, 256, 384, 0.314426, 0.0044209, 0.27644, 0.610606]
[886, 256, 384, 0.313065, 0.00432123, 0.276794, 0.607186]
[887, 384, 256, 0.311653, 0.00444868, 0.275149, 0.605796]
[888, 256, 384, 0.313739, 0.00429023, 0.276124, 0.604405]
[889, 384, 256, 0.312841, 0.00436011, 0.274885, 0.605998]
[890, 384, 256, 0.317831, 0.00432248, 0.276023, 0.657058]
[891, 384, 256, 0.312814, 0.0043902, 0.275673, 0.603939]
[892, 384, 256, 0.312546, 0.00432135, 0.275508, 0.604346]
[893, 384, 256, 0.313608, 0.00437586, 0.275202, 0.60418]
[894, 384, 256, 0.312985, 0.00428893, 0.275949, 0.604719]
[895, 384, 256, 0.314755, 0.00435869, 0.276527, 0.636774]
[896, 384, 256, 0.313156, 0.00438974, 0.276308, 0.609931]
[897, 384, 256, 0.314135, 0.00426901, 0.275887, 0.612479]
[898, 256, 384, 0.31426, 0.00440431, 0.276523, 0.625032]
[899, 256, 384, 0.314932, 0.00434345, 0.275209, 0.607744]
[900, 256, 384, 0.312353, 0.00445506, 0.274666, 0.629656]
[901, 384, 256, 0.312626, 0.0043435, 0.275625, 0.618701]
[902, 384, 256, 0.313202, 0.00428447, 0.275258, 0.607479]
[903, 384, 256, 0.312975, 0.00435485, 0.276842, 0.607494]
[904, 384, 256, 0.312595, 0.00431772, 0.275345, 0.603075]
[905, 256, 384, 0.313719, 0.0044019, 0.277117, 0.605747]
[906, 384, 256, 0.312534, 0.00441459, 0.276281, 0.605444]
[907, 384, 256, 0.313018, 0.00441617, 0.275849, 0.604203]
[908, 384, 256, 0.312721, 0.00437157, 0.275959, 0.605227]
[909, 384, 256, 0.313346, 0.00433579, 0.276431, 0.604946]
[910, 384, 256, 0.314808, 0.00437115, 0.275091, 0.613145]
[911, 384, 256, 0.314229, 0.00441242, 0.274478, 0.60437]
[912, 256, 384, 0.314087, 0.00428636, 0.278511, 0.606928]
[913, 256, 384, 0.312769, 0.00432898, 0.276053, 0.604167]
[914, 384, 256, 0.312551, 0.00436854, 0.274292, 0.604755]
[915, 384, 256, 0.313188, 0.0043192, 0.275627, 0.604153]
[916, 256, 384, 0.312514, 0.00438174, 0.275845, 0.604246]
[917, 256, 384, 0.314238, 0.00436489, 0.275132, 0.61978]
[918, 384, 256, 0.313246, 0.00436838, 0.275839, 0.606707]
[919, 384, 256, 0.313975, 0.00438276, 0.275179, 0.605444]
[920, 384, 256, 0.313165, 0.00434923, 0.275223, 0.616998]
[921, 384, 256, 0.312909, 0.00433338, 0.27544, 0.604263]
[922, 256, 384, 0.312256, 0.00439827, 0.276585, 0.604552]
[923, 384, 256, 0.313608, 0.00436616, 0.276658, 0.607095]
[924, 384, 256, 0.314641, 0.00435434, 0.276202, 0.621572]
[925, 384, 256, 0.313491, 0.00434766, 0.276833, 0.606091]
[926, 384, 256, 0.313239, 0.00436922, 0.276032, 0.603849]
[927, 384, 256, 0.314259, 0.00436645, 0.27494, 0.606664]
[928, 256, 384, 0.312547, 0.00429105, 0.276331, 0.60467]
[929, 384, 256, 0.31477, 0.0042943, 0.275465, 0.632089]
[930, 256, 384, 0.315132, 0.00442078, 0.276988, 0.609439]
[931, 256, 384, 0.313844, 0.00437501, 0.275679, 0.61729]
[932, 384, 256, 0.31805, 0.00436428, 0.275777, 0.609737]
[933, 384, 256, 0.312515, 0.00431699, 0.275406, 0.60294]
[934, 384, 256, 0.313514, 0.00441371, 0.276314, 0.605551]
[935, 384, 256, 0.320191, 0.00440962, 0.275841, 0.615213]
[936, 256, 384, 0.313923, 0.00435255, 0.276266, 0.6057]
[937, 384, 256, 0.312347, 0.00437762, 0.276055, 0.60388]
[938, 256, 384, 0.313756, 0.00430736, 0.276403, 0.607872]
[939, 384, 256, 0.313781, 0.00439277, 0.276042, 0.605654]
[940, 384, 256, 0.314716, 0.00436256, 0.277568, 0.607276]
[941, 256, 384, 0.311315, 0.00438227, 0.27555, 0.604731]
[942, 384, 256, 0.313948, 0.00438041, 0.27603, 0.626247]
[943, 256, 384, 0.313322, 0.00439306, 0.276432, 0.613988]
[944, 384, 256, 0.313352, 0.00436914, 0.276048, 0.60812]
[945, 384, 256, 0.314119, 0.00441261, 0.274562, 0.611763]
[946, 384, 256, 0.313568, 0.00442686, 0.275872, 0.60885]
[947, 256, 384, 0.314137, 0.0043067, 0.276535, 0.610819]
[948, 256, 384, 0.313665, 0.0043049, 0.27703, 0.624919]
[949, 384, 256, 0.314133, 0.00434648, 0.275717, 0.607196]
[950, 256, 384, 0.3129, 0.00428639, 0.276749, 0.61637]
[951, 256, 384, 0.313524, 0.00431823, 0.275467, 0.609426]
[952, 384, 256, 0.314661, 0.00429382, 0.277026, 0.606784]
[953, 256, 384, 0.32032, 0.00438776, 0.275586, 0.615578]
[954, 384, 256, 0.312494, 0.00455765, 0.275659, 0.603983]
[955, 384, 256, 0.319345, 0.00438901, 0.274665, 0.665544]
[956, 384, 256, 0.31444, 0.00439677, 0.276327, 0.615543]
[957, 256, 384, 0.314299, 0.00434804, 0.275978, 0.624425]
[958, 256, 384, 0.314713, 0.00431764, 0.275726, 0.605057]
[959, 256, 384, 0.312146, 0.00431068, 0.275653, 0.602953]
[960, 384, 256, 0.312388, 0.00435388, 0.275854, 0.603584]
[961, 256, 384, 0.312564, 0.00429914, 0.275224, 0.604095]
[962, 384, 256, 0.314978, 0.00434178, 0.275424, 0.612096]
[963, 256, 384, 0.311696, 0.00436272, 0.275924, 0.602568]
[964, 256, 384, 0.312864, 0.00439721, 0.276424, 0.604084]
[965, 256, 384, 0.312792, 0.00437996, 0.275455, 0.603487]
[966, 384, 256, 0.313582, 0.00435591, 0.275101, 0.60409]
[967, 384, 256, 0.314808, 0.00432555, 0.278753, 0.608427]
[968, 384, 256, 0.313003, 0.00432054, 0.27692, 0.604643]
[969, 384, 256, 0.314599, 0.00428238, 0.274547, 0.612526]
[970, 384, 256, 0.31239, 0.00436572, 0.275116, 0.603151]
[971, 384, 256, 0.313186, 0.0043915, 0.276343, 0.607645]
[972, 256, 384, 0.313778, 0.00429156, 0.276159, 0.607136]
[973, 256, 384, 0.313344, 0.00435638, 0.276125, 0.606328]
[974, 384, 256, 0.314952, 0.0043699, 0.275645, 0.624775]
[975, 256, 384, 0.313164, 0.00439887, 0.275506, 0.604073]
[976, 384, 256, 0.312219, 0.00453393, 0.27528, 0.60408]
[977, 256, 384, 0.312912, 0.00438106, 0.276039, 0.605091]
[978, 256, 384, 0.312297, 0.004412, 0.275748, 0.60599]
[979, 384, 256, 0.312056, 0.00439688, 0.274731, 0.602939]
[980, 256, 384, 0.312616, 0.00429845, 0.275923, 0.604428]
[981, 384, 256, 0.313904, 0.00443161, 0.27629, 0.607211]
[982, 384, 256, 0.313115, 0.0043047, 0.276418, 0.604437]
[983, 256, 384, 0.313606, 0.00437068, 0.275433, 0.605644]
[984, 384, 256, 0.313246, 0.00428914, 0.275628, 0.606663]
[985, 384, 256, 0.31374, 0.00442159, 0.275891, 0.612723]
[986, 384, 256, 0.314189, 0.00440989, 0.280618, 0.61135]
[987, 384, 256, 0.312883, 0.00432689, 0.275859, 0.605236]
[988, 384, 256, 0.312449, 0.00437123, 0.275098, 0.605654]
[989, 256, 384, 0.314603, 0.00440481, 0.276672, 0.607984]
[990, 384, 256, 0.315932, 0.00437222, 0.277123, 0.611224]
[991, 384, 256, 0.314565, 0.00445405, 0.274787, 0.604551]
[992, 384, 256, 0.312736, 0.00437868, 0.276624, 0.605654]
[993, 256, 384, 0.313876, 0.00437062, 0.275533, 0.606788]
[994, 384, 256, 0.312795, 0.00433059, 0.276465, 0.605756]
[995, 256, 384, 0.313109, 0.00430485, 0.274445, 0.60291]
[996, 384, 256, 0.313388, 0.00434308, 0.275231, 0.607781]
[997, 384, 256, 0.314694, 0.00429324, 0.275924, 0.635063]
[998, 384, 256, 0.313929, 0.00439795, 0.276391, 0.606514]
[999, 384, 256, 0.313169, 0.0043765, 0.276039, 0.613423]
619.019
