[0, 256, 384, 0.0600038, 0.00457527, 0.0304208, 0.0981385]
[1, 384, 256, 0.0632134, 0.00451301, 0.0276035, 0.0982549]
[2, 384, 256, 0.0627008, 0.00463145, 0.0287043, 0.0993208]
[3, 256, 384, 0.060664, 0.00459431, 0.0311043, 0.0993839]
[4, 384, 256, 0.0632222, 0.00465472, 0.0273912, 0.0985486]
[5, 384, 256, 0.0653882, 0.00466253, 0.0285193, 0.101937]
[6, 384, 256, 0.0635806, 0.00461089, 0.0287255, 0.100152]
[7, 384, 256, 0.0637147, 0.00454456, 0.0285884, 0.0998506]
[8, 256, 384, 0.0596816, 0.00467068, 0.0304285, 0.0981172]
[9, 384, 256, 0.0653241, 0.00452534, 0.0286528, 0.101407]
[10, 384, 256, 0.0633017, 0.00456026, 0.0272739, 0.0982128]
[11, 256, 384, 0.0604169, 0.00464678, 0.0303153, 0.0986698]
[12, 384, 256, 0.0640893, 0.00455484, 0.0285367, 0.100255]
[13, 256, 384, 0.0608665, 0.00465414, 0.0312058, 0.100099]
[14, 384, 256, 0.0627008, 0.00464176, 0.0286023, 0.099157]
[15, 256, 384, 0.0610434, 0.00459165, 0.031103, 0.0998962]
[16, 256, 384, 0.0624386, 0.00456199, 0.0311426, 0.101173]
[17, 384, 256, 0.0632438, 0.00459672, 0.0285984, 0.0995438]
[18, 384, 256, 0.0626398, 0.0045621, 0.0285588, 0.0987503]
[19, 384, 256, 0.0709866, 0.00466605, 0.0273817, 0.10642]
[20, 256, 384, 0.0583332, 0.0045365, 0.0311853, 0.0970919]
[21, 256, 384, 0.0607136, 0.00452631, 0.0314296, 0.0995983]
[22, 384, 256, 0.06419, 0.00459163, 0.0285688, 0.100511]
[23, 256, 384, 0.0606383, 0.00460347, 0.0304636, 0.0989173]
[24, 384, 256, 0.0635832, 0.0045332, 0.0275127, 0.0985863]
[25, 384, 256, 0.0631866, 0.00464027, 0.0285477, 0.0998716]
[26, 256, 384, 0.0592076, 0.00460159, 0.031275, 0.098257]
[27, 384, 256, 0.0639781, 0.00451447, 0.0286354, 0.100176]
[28, 384, 256, 0.063278, 0.00485101, 0.0285305, 0.0998406]
[29, 384, 256, 0.0639697, 0.00455835, 0.0285739, 0.100154]
[30, 384, 256, 0.0638103, 0.00465708, 0.0287606, 0.10059]
[31, 384, 256, 0.0630635, 0.00471638, 0.0285179, 0.0999021]
[32, 384, 256, 0.0668801, 0.00456482, 0.0286155, 0.103099]
[33, 256, 384, 0.0602302, 0.00458378, 0.0311867, 0.099125]
[34, 256, 384, 0.0649116, 0.0046353, 0.0312637, 0.104093]
[35, 256, 384, 0.0611797, 0.0045924, 0.0311575, 0.100043]
[36, 384, 256, 0.0636422, 0.00451906, 0.0275391, 0.0986286]
[37, 384, 256, 0.0643515, 0.00457415, 0.0285762, 0.100697]
[38, 384, 256, 0.0652327, 0.00453141, 0.0286091, 0.101306]
[39, 384, 256, 0.0637855, 0.00454793, 0.0274835, 0.0987892]
[40, 384, 256, 0.0643847, 0.00453953, 0.0285851, 0.100458]
[41, 384, 256, 0.063119, 0.0045686, 0.0273859, 0.0981064]
[42, 384, 256, 0.0630985, 0.00453658, 0.0286418, 0.0992619]
[43, 256, 384, 0.0607758, 0.00457172, 0.0311202, 0.0995091]
[44, 256, 384, 0.0617115, 0.00450299, 0.0311879, 0.100245]
[45, 384, 256, 0.0636189, 0.00454007, 0.0286481, 0.0997794]
[46, 384, 256, 0.0640329, 0.00454973, 0.0286976, 0.100247]
[47, 256, 384, 0.0603106, 0.0049245, 0.03037, 0.0989973]
[48, 256, 384, 0.0604424, 0.00459534, 0.03114, 0.0993729]
[49, 384, 256, 0.0640292, 0.004607, 0.0275841, 0.0994747]
[50, 256, 384, 0.0593202, 0.0045958, 0.0311915, 0.0982806]
[51, 384, 256, 0.0673055, 0.00469994, 0.028596, 0.10407]
[52, 384, 256, 0.0633028, 0.00466635, 0.0286528, 0.0999911]
[53, 256, 384, 0.0608949, 0.00476319, 0.0311979, 0.100137]
[54, 384, 256, 0.0626248, 0.00460617, 0.0285679, 0.099054]
[55, 384, 256, 0.0673333, 0.00456577, 0.0286335, 0.103606]
[56, 384, 256, 0.0641176, 0.00462208, 0.0285626, 0.100608]
[57, 384, 256, 0.0622921, 0.0047099, 0.0288336, 0.0988727]
[58, 256, 384, 0.0584261, 0.00460652, 0.0311177, 0.0973964]
[59, 384, 256, 0.0639184, 0.00460798, 0.0284963, 0.100243]
[60, 384, 256, 0.0652678, 0.00462294, 0.0285608, 0.101789]
[61, 256, 384, 0.060995, 0.00471117, 0.0290081, 0.0982183]
[62, 384, 256, 0.064239, 0.00453988, 0.0285752, 0.100343]
[63, 256, 384, 0.0605229, 0.00465851, 0.0311971, 0.0998291]
[64, 384, 256, 0.0630607, 0.00463661, 0.0284439, 0.0994461]
[65, 256, 384, 0.0603625, 0.00453247, 0.0311865, 0.0990029]
[66, 256, 384, 0.0612168, 0.00459186, 0.0312331, 0.100106]
[67, 384, 256, 0.0633585, 0.00455099, 0.0286633, 0.0996472]
[68, 384, 256, 0.0640651, 0.00457782, 0.0286564, 0.100395]
[69, 256, 384, 0.0628409, 0.00459015, 0.031025, 0.101651]
[70, 384, 256, 0.0635653, 0.00461446, 0.0274735, 0.0989513]
[71, 256, 384, 0.0600362, 0.00458918, 0.0312138, 0.0989338]
[72, 256, 384, 0.0626159, 0.00464049, 0.0311906, 0.101649]
[73, 384, 256, 0.0640778, 0.00482881, 0.0274293, 0.0993546]
[74, 384, 256, 0.069845, 0.00449217, 0.0273627, 0.104519]
[75, 256, 384, 0.0595403, 0.00458805, 0.0312406, 0.0985145]
[76, 256, 384, 0.0604503, 0.00461036, 0.0312156, 0.099577]
[77, 256, 384, 0.0606775, 0.00459746, 0.0312342, 0.099701]
[78, 256, 384, 0.0593559, 0.00458633, 0.0313731, 0.0985077]
[79, 384, 256, 0.063367, 0.00452226, 0.0274707, 0.0981524]
[80, 256, 384, 0.0602655, 0.00463411, 0.0303823, 0.0986151]
[81, 384, 256, 0.0633127, 0.00465245, 0.0292819, 0.100358]
[82, 384, 256, 0.0634494, 0.00462271, 0.0285173, 0.0998966]
[83, 384, 256, 0.0712442, 0.00461973, 0.0284413, 0.107284]
[84, 384, 256, 0.0637567, 0.00462284, 0.0285168, 0.100117]
[85, 384, 256, 0.0631144, 0.00460989, 0.0285017, 0.0994243]
[86, 256, 384, 0.0613668, 0.00466036, 0.031148, 0.10047]
[87, 256, 384, 0.0610571, 0.0046612, 0.0312679, 0.100454]
[88, 256, 384, 0.0617128, 0.00464338, 0.0311309, 0.100765]
[89, 384, 256, 0.0638, 0.00471195, 0.0285428, 0.100615]
[90, 384, 256, 0.0637298, 0.00467233, 0.0274453, 0.0992811]
[91, 384, 256, 0.0648862, 0.00460007, 0.028584, 0.101252]
[92, 384, 256, 0.0713269, 0.00453239, 0.0285496, 0.107396]
[93, 384, 256, 0.065025, 0.00462445, 0.0285963, 0.101397]
[94, 384, 256, 0.0629652, 0.00461413, 0.028577, 0.0993938]
[95, 256, 384, 0.0622114, 0.00454443, 0.031313, 0.101013]
[96, 256, 384, 0.0603611, 0.00467695, 0.0312005, 0.0994604]
[97, 384, 256, 0.064947, 0.00454069, 0.0284852, 0.100923]
[98, 384, 256, 0.0719114, 0.00457688, 0.0291859, 0.108741]
[99, 384, 256, 0.0716318, 0.00459341, 0.0275255, 0.10696]
[100, 384, 256, 0.0633946, 0.00463638, 0.0286863, 0.100123]
[101, 256, 384, 0.0606158, 0.00459314, 0.0311031, 0.0993505]
[102, 384, 256, 0.0643808, 0.00455822, 0.028533, 0.100428]
[103, 256, 384, 0.0606373, 0.00455501, 0.0310414, 0.0991542]
[104, 384, 256, 0.0637093, 0.00464264, 0.028571, 0.10004]
[105, 256, 384, 0.0595174, 0.00455526, 0.0305534, 0.0976595]
[106, 384, 256, 0.0645945, 0.00457965, 0.0287575, 0.101014]
[107, 384, 256, 0.06357, 0.00463814, 0.028596, 0.100059]
[108, 384, 256, 0.0639064, 0.004612, 0.0274452, 0.0991168]
[109, 256, 384, 0.0606468, 0.00483095, 0.0313075, 0.10018]
[110, 384, 256, 0.0641734, 0.00462843, 0.0283528, 0.100378]
[111, 256, 384, 0.0615219, 0.00457329, 0.0312583, 0.100414]
[112, 384, 256, 0.0636053, 0.00460716, 0.0285703, 0.0996945]
[113, 384, 256, 0.064691, 0.00462419, 0.0286027, 0.101108]
[114, 384, 256, 0.0644091, 0.00467832, 0.0285225, 0.100966]
[115, 384, 256, 0.063598, 0.00471848, 0.0286927, 0.100108]
[116, 384, 256, 0.065203, 0.00461422, 0.0285246, 0.101567]
[117, 384, 256, 0.0632616, 0.00462305, 0.0285159, 0.099531]
[118, 384, 256, 0.0634695, 0.00460871, 0.0284683, 0.0997059]
[119, 384, 256, 0.0640187, 0.00461029, 0.0286197, 0.100332]
[120, 384, 256, 0.0653868, 0.00457232, 0.0274414, 0.100363]
[121, 384, 256, 0.0629824, 0.00456281, 0.0285781, 0.0990898]
[122, 384, 256, 0.0641226, 0.00457467, 0.0285291, 0.100308]
[123, 384, 256, 0.0652534, 0.00456321, 0.0286538, 0.101469]
[124, 384, 256, 0.0651974, 0.00455214, 0.0284815, 0.101208]
[125, 384, 256, 0.0644973, 0.00453114, 0.0285995, 0.10053]
[126, 384, 256, 0.0702489, 0.0044953, 0.0441152, 0.143977]
[127, 384, 256, 0.0710012, 0.00455332, 0.0444473, 0.216139]
[128, 384, 256, 0.0825884, 0.00461571, 0.0445384, 0.217813]
[129, 384, 256, 0.0841574, 0.00458215, 0.044695, 0.219363]
[130, 256, 384, 0.0762848, 0.00452466, 0.043519, 0.220559]
[131, 384, 256, 0.0847373, 0.00477029, 0.0441689, 0.229992]
[132, 384, 256, 0.0955992, 0.00448897, 0.0389967, 0.22524]
[133, 384, 256, 0.0828307, 0.00457282, 0.0442966, 0.217889]
[134, 384, 256, 0.0943945, 0.00444086, 0.04407, 0.218572]
[135, 384, 256, 0.0941108, 0.00434413, 0.0389014, 0.223099]
[136, 384, 256, 0.0838983, 0.00454985, 0.0443897, 0.218622]
[137, 384, 256, 0.0716878, 0.00453506, 0.0429892, 0.205268]
[138, 384, 256, 0.0842374, 0.00449604, 0.044649, 0.218998]
[139, 384, 256, 0.0863331, 0.00463869, 0.0437704, 0.22077]
[140, 384, 256, 0.0854009, 0.00464386, 0.0445758, 0.21334]
[141, 384, 256, 0.0853917, 0.00453113, 0.0491989, 0.197858]
[142, 384, 256, 0.0912915, 0.00436719, 0.0330755, 0.214629]
[143, 384, 256, 0.083432, 0.00446477, 0.044469, 0.217931]
[144, 384, 256, 0.0861201, 0.0046403, 0.0442539, 0.221019]
[145, 384, 256, 0.0826989, 0.00452646, 0.0448878, 0.20754]
[146, 384, 256, 0.0818357, 0.00462249, 0.0441931, 0.207721]
[147, 384, 256, 0.0745755, 0.00463578, 0.0442222, 0.219853]
[148, 384, 256, 0.0854355, 0.00457775, 0.0447041, 0.220507]
[149, 256, 384, 0.0767998, 0.00452416, 0.0443336, 0.203572]
[150, 384, 256, 0.0839411, 0.0045632, 0.0440733, 0.210266]
[151, 384, 256, 0.0841481, 0.00455328, 0.0439449, 0.218432]
[152, 256, 384, 0.0763579, 0.00454906, 0.0502997, 0.216983]
[153, 384, 256, 0.084287, 0.00468224, 0.0441962, 0.219452]
[154, 256, 384, 0.0866527, 0.00441312, 0.0462577, 0.223262]
[155, 256, 384, 0.0766464, 0.00456288, 0.0447541, 0.211709]
[156, 384, 256, 0.0644211, 0.00454304, 0.0285156, 0.100374]
[157, 384, 256, 0.0656036, 0.00453828, 0.0286522, 0.101725]
[158, 384, 256, 0.0634122, 0.00458745, 0.0285931, 0.0996017]
[159, 384, 256, 0.0639809, 0.00458514, 0.0286361, 0.100185]
[160, 384, 256, 0.0639073, 0.00464089, 0.0286255, 0.100448]
[161, 384, 256, 0.0626656, 0.00449474, 0.0283471, 0.098287]
[162, 384, 256, 0.0639099, 0.00451963, 0.0284225, 0.0996943]
[163, 256, 384, 0.0607322, 0.00455578, 0.0305747, 0.0987892]
[164, 384, 256, 0.0636985, 0.00462149, 0.0285898, 0.100101]
[165, 384, 256, 0.0638714, 0.00458187, 0.0273969, 0.0988487]
[166, 384, 256, 0.0641302, 0.00458166, 0.0273484, 0.0991196]
[167, 384, 256, 0.0640211, 0.00464399, 0.0285972, 0.10046]
[168, 384, 256, 0.0645614, 0.00460686, 0.0285732, 0.100797]
[169, 384, 256, 0.0638978, 0.00459678, 0.0274655, 0.0990052]
[170, 384, 256, 0.0622628, 0.00462773, 0.0285069, 0.0986423]
[171, 384, 256, 0.0648148, 0.00465549, 0.0285146, 0.101184]
[172, 384, 256, 0.0649636, 0.00460659, 0.028377, 0.101062]
[173, 384, 256, 0.0639603, 0.0045326, 0.0285623, 0.0999236]
[174, 384, 256, 0.0634931, 0.00463508, 0.0285139, 0.0998757]
[175, 384, 256, 0.0635956, 0.00462687, 0.0274483, 0.0988905]
[176, 384, 256, 0.0635523, 0.00461872, 0.0285015, 0.0998025]
[177, 256, 384, 0.0589337, 0.00459832, 0.0312856, 0.0978841]
[178, 384, 256, 0.0629629, 0.0045866, 0.0286379, 0.0992801]
[179, 384, 256, 0.0636347, 0.00458988, 0.0285326, 0.0997754]
[180, 384, 256, 0.0651002, 0.00454772, 0.0285642, 0.101135]
[181, 384, 256, 0.0717359, 0.00455523, 0.0285997, 0.107884]
[182, 384, 256, 0.0641782, 0.00462983, 0.0285688, 0.100662]
[183, 256, 384, 0.064952, 0.00460195, 0.031289, 0.103801]
[184, 384, 256, 0.0634364, 0.00456953, 0.0284778, 0.0995304]
[185, 256, 384, 0.0609683, 0.00458948, 0.0320746, 0.100719]
[186, 256, 384, 0.0598522, 0.00454063, 0.0304819, 0.0976996]
[187, 256, 384, 0.0611593, 0.00454197, 0.0310144, 0.0996515]
[188, 384, 256, 0.0634516, 0.00455221, 0.0274607, 0.0984222]
[189, 256, 384, 0.0615981, 0.00455704, 0.0305003, 0.0996832]
[190, 384, 256, 0.0642973, 0.00456503, 0.0286477, 0.100526]
[191, 384, 256, 0.063232, 0.00483315, 0.0284877, 0.0995572]
[192, 384, 256, 0.0642818, 0.00455247, 0.0285589, 0.100324]
[193, 384, 256, 0.0639481, 0.00470435, 0.0284514, 0.100463]
[194, 384, 256, 0.0642624, 0.00453878, 0.028546, 0.100212]
[195, 384, 256, 0.0637831, 0.00458028, 0.0274955, 0.09884]
[196, 384, 256, 0.0644632, 0.00468045, 0.0274777, 0.100077]
[197, 384, 256, 0.0639815, 0.00455736, 0.0285488, 0.100069]
[198, 384, 256, 0.0623309, 0.00463704, 0.0285164, 0.0984864]
[199, 384, 256, 0.0637992, 0.00454795, 0.0284827, 0.0996192]
[200, 384, 256, 0.065615, 0.00460804, 0.0284769, 0.101731]
[201, 384, 256, 0.0619223, 0.00458363, 0.0284869, 0.0979116]
[202, 384, 256, 0.0642988, 0.00462239, 0.0274488, 0.0992994]
[203, 384, 256, 0.06369, 0.0046754, 0.0293609, 0.100913]
[204, 256, 384, 0.0611667, 0.00468575, 0.0305648, 0.0996148]
[205, 384, 256, 0.0656757, 0.00460128, 0.0285151, 0.101754]
[206, 384, 256, 0.0620496, 0.00464025, 0.0285638, 0.0983692]
[207, 384, 256, 0.0632247, 0.00459274, 0.0286036, 0.0993024]
[208, 256, 384, 0.0611605, 0.00465486, 0.031163, 0.0999381]
[209, 256, 384, 0.0599505, 0.00465276, 0.0312967, 0.0989867]
[210, 384, 256, 0.0633991, 0.00467729, 0.0284171, 0.0996032]
[211, 384, 256, 0.0640727, 0.0046807, 0.0284737, 0.100371]
[212, 384, 256, 0.0637372, 0.00472483, 0.0275569, 0.0992482]
[213, 256, 384, 0.0600626, 0.00452636, 0.0310445, 0.0984248]
[214, 384, 256, 0.0674271, 0.0045427, 0.028675, 0.103439]
[215, 256, 384, 0.060846, 0.00456654, 0.0311416, 0.0994406]
[216, 384, 256, 0.0627129, 0.00473101, 0.0285701, 0.0991195]
[217, 256, 384, 0.0616201, 0.00468616, 0.0310525, 0.100506]
[218, 384, 256, 0.0640536, 0.00462596, 0.0285052, 0.100296]
[219, 384, 256, 0.065602, 0.00462251, 0.0285907, 0.101861]
[220, 256, 384, 0.0627077, 0.00454688, 0.0312874, 0.101311]
[221, 384, 256, 0.0706284, 0.0047535, 0.0284571, 0.107187]
[222, 384, 256, 0.0621449, 0.00464936, 0.0285999, 0.0985136]
[223, 384, 256, 0.0640564, 0.00462624, 0.028547, 0.100226]
[224, 256, 384, 0.0604697, 0.00453178, 0.0313376, 0.0990902]
[225, 384, 256, 0.0641909, 0.00464299, 0.0286733, 0.100533]
[226, 256, 384, 0.060395, 0.00465918, 0.0304177, 0.0985706]
[227, 384, 256, 0.0636432, 0.00459819, 0.0286837, 0.0998859]
[228, 256, 384, 0.0595711, 0.00462393, 0.0310446, 0.0982926]
[229, 384, 256, 0.0643169, 0.00463067, 0.028487, 0.100511]
[230, 384, 256, 0.0634649, 0.00465149, 0.0274997, 0.0987615]
[231, 384, 256, 0.0635876, 0.00465927, 0.0286187, 0.100171]
[232, 384, 256, 0.0637301, 0.00461355, 0.0286164, 0.0999425]
[233, 384, 256, 0.0654992, 0.00456682, 0.0285885, 0.101551]
[234, 256, 384, 0.0597481, 0.0044079, 0.0310937, 0.0977596]
[235, 384, 256, 0.0649842, 0.00458193, 0.0283935, 0.100883]
[236, 384, 256, 0.0637486, 0.00457754, 0.0284964, 0.0997624]
[237, 256, 384, 0.0618928, 0.00469374, 0.0310606, 0.100894]
[238, 384, 256, 0.0628003, 0.00465732, 0.0284697, 0.0990945]
[239, 256, 384, 0.0588781, 0.00458891, 0.0311775, 0.0975706]
[240, 384, 256, 0.0636113, 0.00463346, 0.0286066, 0.0999794]
[241, 384, 256, 0.0633379, 0.00461002, 0.0283886, 0.099371]
[242, 384, 256, 0.0636192, 0.00456379, 0.0284508, 0.0994715]
[243, 384, 256, 0.0637974, 0.00462219, 0.0284513, 0.0999436]
[244, 256, 384, 0.0610993, 0.00461427, 0.0320883, 0.100833]
[245, 384, 256, 0.0637361, 0.00459415, 0.0286922, 0.10013]
[246, 384, 256, 0.0648035, 0.00467322, 0.0284797, 0.101053]
[247, 384, 256, 0.0653888, 0.00491206, 0.0285917, 0.102132]
[248, 384, 256, 0.0636602, 0.0045762, 0.0275563, 0.0987929]
[249, 384, 256, 0.0655506, 0.00466269, 0.028633, 0.10215]
[250, 384, 256, 0.0655618, 0.00458942, 0.028607, 0.101764]
[251, 384, 256, 0.0639313, 0.00463841, 0.0275938, 0.0993065]
[252, 384, 256, 0.0640802, 0.00460206, 0.0285631, 0.100187]
[253, 384, 256, 0.0643107, 0.00466793, 0.0275443, 0.0996025]
[254, 384, 256, 0.0636729, 0.00461457, 0.0275085, 0.09881]
[255, 384, 256, 0.0629805, 0.00468046, 0.0287776, 0.099657]
[256, 384, 256, 0.063494, 0.00460101, 0.0285191, 0.0995151]
[257, 384, 256, 0.0629301, 0.00459586, 0.0286646, 0.0992211]
[258, 384, 256, 0.0631083, 0.00455495, 0.0285979, 0.0990791]
[259, 384, 256, 0.0640313, 0.00460252, 0.0274641, 0.0991859]
[260, 256, 384, 0.0615003, 0.00468066, 0.0310674, 0.100426]
[261, 384, 256, 0.063593, 0.00465291, 0.0285497, 0.099952]
[262, 384, 256, 0.0628516, 0.00464318, 0.0285719, 0.0991395]
[263, 384, 256, 0.0643335, 0.00452998, 0.0285292, 0.100191]
[264, 384, 256, 0.0642263, 0.00454351, 0.0286052, 0.100121]
[265, 384, 256, 0.0638122, 0.00460151, 0.0284875, 0.099897]
[266, 384, 256, 0.063793, 0.00463749, 0.0274238, 0.0989193]
[267, 256, 384, 0.0605885, 0.00464686, 0.0310583, 0.099391]
[268, 384, 256, 0.0647109, 0.0045591, 0.0274525, 0.0996197]
[269, 384, 256, 0.0643211, 0.00464808, 0.0286241, 0.100728]
[270, 256, 384, 0.060829, 0.004608, 0.031192, 0.0995722]
[271, 256, 384, 0.0601261, 0.00457109, 0.0313534, 0.0989226]
[272, 256, 384, 0.0608964, 0.00460528, 0.0310447, 0.0995277]
[273, 256, 384, 0.0602821, 0.00459617, 0.0311676, 0.0991434]
[274, 256, 384, 0.0590505, 0.00454419, 0.0312278, 0.097688]
[275, 384, 256, 0.0649709, 0.00462505, 0.028444, 0.101047]
[276, 256, 384, 0.0612743, 0.00457373, 0.0311493, 0.0999319]
[277, 384, 256, 0.0624762, 0.00463404, 0.0287113, 0.0989246]
[278, 384, 256, 0.0636853, 0.00457755, 0.0285199, 0.0996555]
[279, 384, 256, 0.0633305, 0.00459662, 0.0285128, 0.0993397]
[280, 256, 384, 0.0602163, 0.00464125, 0.0311138, 0.0989854]
[281, 384, 256, 0.0644715, 0.00465709, 0.0284655, 0.100669]
[282, 384, 256, 0.063405, 0.0047792, 0.0285025, 0.0999572]
[283, 384, 256, 0.062872, 0.00460238, 0.0274784, 0.0978982]
[284, 384, 256, 0.0641237, 0.00464143, 0.0286138, 0.100485]
[285, 256, 384, 0.0597247, 0.00469421, 0.0310706, 0.0985888]
[286, 384, 256, 0.0642429, 0.00464553, 0.0273543, 0.0992462]
[287, 256, 384, 0.0610266, 0.00467441, 0.0310362, 0.0998692]
[288, 384, 256, 0.0651019, 0.00464766, 0.0285669, 0.101385]
[289, 256, 384, 0.0594582, 0.00463851, 0.0312994, 0.0984298]
[290, 384, 256, 0.0647979, 0.00464266, 0.028434, 0.100823]
[291, 384, 256, 0.065613, 0.00467696, 0.0287074, 0.10213]
[292, 384, 256, 0.0619555, 0.00463625, 0.0285475, 0.0979974]
[293, 256, 384, 0.0594658, 0.00458293, 0.0311801, 0.0981436]
[294, 384, 256, 0.0627533, 0.00458747, 0.0286593, 0.0988793]
[295, 384, 256, 0.0627046, 0.00478704, 0.0284994, 0.0987879]
[296, 256, 384, 0.0613313, 0.00462317, 0.0312561, 0.10019]
[297, 256, 384, 0.0591338, 0.00452763, 0.0311852, 0.0976806]
[298, 384, 256, 0.0649664, 0.00462, 0.0285193, 0.101072]
[299, 384, 256, 0.0634807, 0.00459685, 0.0285761, 0.0995423]
[300, 384, 256, 0.0633842, 0.00459689, 0.0286, 0.0996398]
[301, 384, 256, 0.0647128, 0.0045782, 0.0285385, 0.100804]
[302, 384, 256, 0.0637919, 0.00464199, 0.0292707, 0.100901]
[303, 384, 256, 0.0638026, 0.00457477, 0.0286624, 0.100062]
[304, 384, 256, 0.063128, 0.00454693, 0.0287462, 0.0993006]
[305, 384, 256, 0.0638682, 0.00463766, 0.0286297, 0.100209]
[306, 384, 256, 0.0644658, 0.00462522, 0.0285186, 0.10065]
[307, 384, 256, 0.066695, 0.00468919, 0.028499, 0.103173]
[308, 384, 256, 0.0646485, 0.00462884, 0.028478, 0.10088]
[309, 384, 256, 0.0645913, 0.0045676, 0.0285708, 0.100652]
[310, 384, 256, 0.0629044, 0.00463616, 0.0286398, 0.0993625]
[311, 384, 256, 0.0635182, 0.00458984, 0.0285535, 0.0996555]
[312, 384, 256, 0.0637883, 0.00462569, 0.0285689, 0.100084]
[313, 384, 256, 0.0641087, 0.00460518, 0.028613, 0.100359]
[314, 384, 256, 0.063857, 0.00458754, 0.027368, 0.0988051]
[315, 384, 256, 0.0629514, 0.00462771, 0.0288729, 0.0995452]
[316, 384, 256, 0.0635695, 0.0045806, 0.028509, 0.099689]
[317, 384, 256, 0.0638308, 0.00463609, 0.0286701, 0.100331]
[318, 384, 256, 0.0636679, 0.00461245, 0.0284486, 0.0998896]
[319, 384, 256, 0.0646048, 0.00459275, 0.0285256, 0.100769]
[320, 384, 256, 0.0645118, 0.00462092, 0.0285766, 0.100867]
[321, 384, 256, 0.0634609, 0.00464987, 0.0275089, 0.0987992]
[322, 384, 256, 0.062697, 0.00464378, 0.0286527, 0.09918]
[323, 384, 256, 0.0647839, 0.00458785, 0.0285842, 0.100945]
[324, 384, 256, 0.0635178, 0.00459341, 0.0274443, 0.0985695]
[325, 384, 256, 0.0642219, 0.00465162, 0.0273679, 0.099372]
[326, 384, 256, 0.0640846, 0.00461469, 0.0277004, 0.0994775]
[327, 384, 256, 0.0632314, 0.00459981, 0.0285268, 0.0995064]
[328, 384, 256, 0.0636387, 0.00462877, 0.0284881, 0.0998715]
[329, 384, 256, 0.063637, 0.00466722, 0.0285768, 0.100098]
[330, 384, 256, 0.0644829, 0.00458698, 0.0285986, 0.100716]
[331, 384, 256, 0.0640813, 0.00465015, 0.0285249, 0.100303]
[332, 384, 256, 0.0624798, 0.00456864, 0.0274159, 0.0974435]
[333, 384, 256, 0.0636588, 0.00464687, 0.0286877, 0.100128]
[334, 384, 256, 0.0637257, 0.0045991, 0.0287016, 0.100047]
[335, 384, 256, 0.0628395, 0.00461937, 0.0284911, 0.0989792]
[336, 384, 256, 0.0615549, 0.0046625, 0.0285532, 0.0979313]
[337, 384, 256, 0.0660518, 0.00462397, 0.0285624, 0.102245]
[338, 384, 256, 0.0641743, 0.00461317, 0.028494, 0.100322]
[339, 384, 256, 0.0646091, 0.0045833, 0.0286309, 0.100801]
[340, 384, 256, 0.0639405, 0.00462695, 0.0284379, 0.100179]
[341, 384, 256, 0.0642641, 0.00457492, 0.0285257, 0.100355]
[342, 384, 256, 0.0637677, 0.00461249, 0.0284386, 0.0998894]
[343, 384, 256, 0.0647183, 0.00467429, 0.027548, 0.100107]
[344, 384, 256, 0.0636433, 0.00460299, 0.0286097, 0.0999163]
[345, 384, 256, 0.0632624, 0.00459344, 0.0273935, 0.0982911]
[346, 384, 256, 0.0641469, 0.00464594, 0.0285426, 0.100354]
[347, 384, 256, 0.0653421, 0.00460686, 0.0285134, 0.101473]
[348, 384, 256, 0.0716633, 0.00465772, 0.0284481, 0.107977]
[349, 384, 256, 0.0656527, 0.00460266, 0.0292932, 0.102658]
[350, 384, 256, 0.0633966, 0.00464367, 0.0286841, 0.0998117]
[351, 384, 256, 0.0636934, 0.00463746, 0.028512, 0.10001]
[352, 384, 256, 0.0635061, 0.0046694, 0.0285603, 0.0999462]
[353, 384, 256, 0.0648365, 0.00466376, 0.0273982, 0.100004]
[354, 384, 256, 0.0637871, 0.00458714, 0.0285061, 0.0998735]
[355, 384, 256, 0.0643036, 0.00470819, 0.0286854, 0.100966]
[356, 384, 256, 0.0636323, 0.00461885, 0.0285818, 0.0998428]
[357, 384, 256, 0.0619817, 0.00457476, 0.0286268, 0.0981411]
[358, 384, 256, 0.064958, 0.00462161, 0.028517, 0.10114]
[359, 384, 256, 0.0639952, 0.00462319, 0.0284081, 0.100075]
[360, 384, 256, 0.0637732, 0.00473625, 0.0284776, 0.100292]
[361, 384, 256, 0.0625272, 0.00461293, 0.0286425, 0.0987984]
[362, 384, 256, 0.0710146, 0.00463537, 0.028551, 0.107207]
[363, 384, 256, 0.0639, 0.00458655, 0.0286487, 0.100107]
[364, 384, 256, 0.0643222, 0.00458696, 0.0274475, 0.0993225]
[365, 384, 256, 0.0638484, 0.00472944, 0.0275266, 0.0993999]
[366, 384, 256, 0.0656669, 0.00463784, 0.0292114, 0.10264]
[367, 384, 256, 0.0623727, 0.0046467, 0.0285524, 0.0987441]
[368, 384, 256, 0.063725, 0.00459702, 0.0285501, 0.0998569]
[369, 384, 256, 0.0634187, 0.00471624, 0.028566, 0.0999773]
[370, 384, 256, 0.0638031, 0.00460131, 0.0286, 0.10006]
[371, 384, 256, 0.0641725, 0.00458064, 0.028614, 0.100364]
[372, 384, 256, 0.0645453, 0.00461201, 0.0287412, 0.101042]
[373, 384, 256, 0.063218, 0.00460352, 0.027445, 0.0981996]
[374, 384, 256, 0.0633164, 0.0046151, 0.0276206, 0.098651]
[375, 384, 256, 0.0642592, 0.00460682, 0.0286267, 0.100541]
[376, 384, 256, 0.0628606, 0.00460597, 0.0284905, 0.0990169]
[377, 384, 256, 0.0646073, 0.00461846, 0.0285932, 0.100949]
[378, 384, 256, 0.0636158, 0.00458424, 0.0273265, 0.0985005]
[379, 384, 256, 0.0636474, 0.00460682, 0.0284819, 0.0998107]
[380, 384, 256, 0.0637769, 0.00458897, 0.0284298, 0.099751]
[381, 384, 256, 0.0648896, 0.00461983, 0.0286148, 0.10126]
[382, 384, 256, 0.0630853, 0.00462196, 0.0285158, 0.0992058]
[383, 384, 256, 0.0640917, 0.0046988, 0.0285928, 0.100562]
[384, 384, 256, 0.0641877, 0.00462849, 0.0286293, 0.100459]
[385, 384, 256, 0.0641997, 0.00455331, 0.0284884, 0.100179]
[386, 384, 256, 0.0652796, 0.00459292, 0.028593, 0.10148]
[387, 384, 256, 0.0634681, 0.00462473, 0.0284862, 0.0996695]
[388, 384, 256, 0.0641999, 0.00459946, 0.028446, 0.100361]
[389, 384, 256, 0.0636954, 0.00458706, 0.0286321, 0.0998787]
[390, 384, 256, 0.0642583, 0.00463341, 0.0285525, 0.100496]
[391, 384, 256, 0.0650158, 0.00461543, 0.027426, 0.100077]
[392, 384, 256, 0.0642113, 0.00458668, 0.0274459, 0.0992972]
[393, 256, 384, 0.0601257, 0.00469843, 0.0310684, 0.0991778]
[394, 384, 256, 0.0623908, 0.004671, 0.0285008, 0.0987445]
[395, 384, 256, 0.0638053, 0.00465943, 0.028616, 0.100242]
[396, 384, 256, 0.0636596, 0.00467006, 0.0285074, 0.100037]
[397, 384, 256, 0.0640105, 0.0046735, 0.0283921, 0.100307]
[398, 384, 256, 0.0629358, 0.00460305, 0.0285483, 0.0991902]
[399, 256, 384, 0.0611404, 0.00467867, 0.0311154, 0.100185]
[400, 384, 256, 0.0624108, 0.00451871, 0.0285223, 0.0980773]
[401, 384, 256, 0.0623826, 0.00453854, 0.0284486, 0.0980521]
[402, 384, 256, 0.0643936, 0.00452756, 0.0275702, 0.0991597]
[403, 384, 256, 0.0628598, 0.00450554, 0.0274607, 0.0974486]
[404, 384, 256, 0.0646995, 0.00454032, 0.0285481, 0.100424]
[405, 384, 256, 0.063381, 0.00452419, 0.028478, 0.0990213]
[406, 384, 256, 0.0714805, 0.00453351, 0.028494, 0.107199]
[407, 384, 256, 0.0640579, 0.00451869, 0.0284439, 0.0996493]
[408, 384, 256, 0.0636339, 0.00458969, 0.028594, 0.0996099]
[409, 384, 256, 0.0631313, 0.0045281, 0.0285523, 0.0988699]
[410, 384, 256, 0.0658749, 0.00454259, 0.0284686, 0.101614]
[411, 384, 256, 0.0652283, 0.00454769, 0.0286411, 0.101095]
[412, 384, 256, 0.0644781, 0.00454096, 0.0274869, 0.0991731]
[413, 384, 256, 0.0636747, 0.00451261, 0.028478, 0.0993121]
[414, 384, 256, 0.0635002, 0.00455776, 0.0285047, 0.099312]
[415, 384, 256, 0.0637673, 0.00453342, 0.0286862, 0.0996456]
[416, 384, 256, 0.0636304, 0.00452833, 0.0286295, 0.0994486]
[417, 384, 256, 0.0646479, 0.00453084, 0.0283744, 0.100193]
[418, 384, 256, 0.0646358, 0.00452546, 0.0287905, 0.100607]
[419, 384, 256, 0.0634411, 0.0045359, 0.027337, 0.097998]
[420, 384, 256, 0.0622574, 0.00450008, 0.0285441, 0.0978643]
[421, 384, 256, 0.0640904, 0.00453149, 0.0286126, 0.0998787]
[422, 384, 256, 0.0648322, 0.00458013, 0.0294007, 0.101578]
[423, 384, 256, 0.0626984, 0.00450439, 0.0285662, 0.0983383]
[424, 384, 256, 0.0639105, 0.00458103, 0.0284964, 0.0997144]
[425, 384, 256, 0.0630914, 0.00453485, 0.0287063, 0.099011]
[426, 384, 256, 0.0640338, 0.00458013, 0.0294869, 0.100868]
[427, 384, 256, 0.0647992, 0.00451391, 0.0285845, 0.100548]
[428, 384, 256, 0.064834, 0.00456099, 0.028656, 0.100828]
[429, 384, 256, 0.0657914, 0.00451622, 0.0284865, 0.101414]
[430, 384, 256, 0.0639903, 0.00454823, 0.028558, 0.0997815]
[431, 384, 256, 0.0638616, 0.00450051, 0.0286872, 0.0996192]
[432, 384, 256, 0.0650191, 0.00453949, 0.0286311, 0.100849]
[433, 384, 256, 0.0641268, 0.00453123, 0.0284458, 0.0997534]
[434, 384, 256, 0.0646069, 0.00451858, 0.0285701, 0.100295]
[435, 384, 256, 0.0704236, 0.00452497, 0.0285511, 0.106137]
[436, 384, 256, 0.0635735, 0.00454803, 0.0286043, 0.0993935]
[437, 384, 256, 0.0642839, 0.00453897, 0.0284213, 0.0998865]
[438, 384, 256, 0.0633063, 0.00453872, 0.028605, 0.0991148]
[439, 384, 256, 0.0636569, 0.00450193, 0.0285696, 0.0993418]
[440, 384, 256, 0.0645497, 0.004558, 0.0285122, 0.100322]
[441, 384, 256, 0.0634353, 0.00454226, 0.0286715, 0.0993496]
[442, 384, 256, 0.0642148, 0.00454568, 0.0285667, 0.100006]
[443, 384, 256, 0.0638792, 0.00453586, 0.0275226, 0.0986267]
[444, 384, 256, 0.064012, 0.00453435, 0.0284709, 0.0997072]
[445, 384, 256, 0.0655195, 0.00455944, 0.0292347, 0.10203]
[446, 384, 256, 0.0636041, 0.00452805, 0.0284985, 0.0992803]
[447, 384, 256, 0.0653631, 0.0045435, 0.0286429, 0.101235]
[448, 384, 256, 0.0620245, 0.00454002, 0.0284388, 0.0976647]
[449, 384, 256, 0.0638698, 0.00455696, 0.0275085, 0.0986605]
[450, 384, 256, 0.065369, 0.00450786, 0.0284192, 0.100922]
[451, 384, 256, 0.06318, 0.00452635, 0.0286058, 0.0989584]
[452, 384, 256, 0.0641017, 0.00454463, 0.0286268, 0.0999707]
[453, 384, 256, 0.0635837, 0.00450901, 0.0285906, 0.0992763]
[454, 384, 256, 0.0642391, 0.00454517, 0.0286228, 0.100029]
[455, 384, 256, 0.0636508, 0.00456509, 0.0285645, 0.0996589]
[456, 384, 256, 0.0724726, 0.00451144, 0.0286262, 0.108246]
[457, 384, 256, 0.0628153, 0.00452244, 0.0285288, 0.0985229]
[458, 384, 256, 0.0646373, 0.00455845, 0.0291579, 0.101107]
[459, 384, 256, 0.0630244, 0.00453993, 0.0285335, 0.0987919]
[460, 384, 256, 0.0645488, 0.00453048, 0.0275499, 0.0992387]
[461, 384, 256, 0.063243, 0.00453268, 0.0285531, 0.0990201]
[462, 384, 256, 0.0644072, 0.00452568, 0.02747, 0.0990561]
[463, 384, 256, 0.0641667, 0.00450989, 0.0285343, 0.0998067]
[464, 384, 256, 0.0634587, 0.00451655, 0.028469, 0.0991306]
[465, 384, 256, 0.0642055, 0.00452473, 0.027482, 0.0988732]
[466, 384, 256, 0.0640819, 0.00452329, 0.028673, 0.0999434]
[467, 384, 256, 0.0637025, 0.00450899, 0.0275331, 0.0983479]
[468, 384, 256, 0.0646037, 0.00452176, 0.0285594, 0.100334]
[469, 384, 256, 0.0639305, 0.00461149, 0.0286785, 0.0997966]
[470, 384, 256, 0.0710317, 0.00453207, 0.028523, 0.106786]
[471, 384, 256, 0.0633566, 0.00453278, 0.0286063, 0.0991585]
[472, 384, 256, 0.0639112, 0.00451468, 0.0285058, 0.0995713]
[473, 384, 256, 0.0634931, 0.00452855, 0.028466, 0.0991273]
[474, 384, 256, 0.064594, 0.00449643, 0.0284923, 0.100179]
[475, 384, 256, 0.0628023, 0.0045751, 0.0284789, 0.0985666]
[476, 384, 256, 0.0702727, 0.00450761, 0.0285759, 0.106006]
[477, 384, 256, 0.0626157, 0.00458448, 0.0285493, 0.098348]
[478, 384, 256, 0.0640037, 0.00454247, 0.028545, 0.0997464]
[479, 384, 256, 0.0627184, 0.0045274, 0.0285661, 0.0984602]
[480, 384, 256, 0.0637476, 0.00454275, 0.028588, 0.0994897]
[481, 384, 256, 0.063757, 0.00451059, 0.0283966, 0.0992502]
[482, 384, 256, 0.0649976, 0.0045416, 0.0285895, 0.100811]
[483, 384, 256, 0.0639138, 0.00452865, 0.0275298, 0.0985944]
[484, 384, 256, 0.0712062, 0.00452283, 0.0286608, 0.107052]
[485, 384, 256, 0.0648496, 0.00457193, 0.0285442, 0.100715]
[486, 384, 256, 0.0638478, 0.00454665, 0.028543, 0.0996457]
[487, 384, 256, 0.0632217, 0.00452868, 0.0284848, 0.0988839]
[488, 384, 256, 0.0638256, 0.00452569, 0.0286069, 0.0995869]
[489, 384, 256, 0.0637752, 0.00451297, 0.0285982, 0.0995019]
[490, 384, 256, 0.0639195, 0.00452804, 0.027464, 0.0986036]
[491, 384, 256, 0.0637815, 0.00451147, 0.028703, 0.0996247]
[492, 384, 256, 0.0637606, 0.00452522, 0.028595, 0.099532]
[493, 384, 256, 0.0634332, 0.00451033, 0.0288067, 0.0993719]
[494, 384, 256, 0.0637751, 0.00452565, 0.0274199, 0.0983375]
[495, 384, 256, 0.0635375, 0.00451352, 0.0285497, 0.0992206]
[496, 384, 256, 0.0637261, 0.00451707, 0.0286958, 0.0997495]
[497, 384, 256, 0.0646289, 0.00453242, 0.0285367, 0.100372]
[498, 384, 256, 0.0629889, 0.00452168, 0.0284086, 0.0985393]
[499, 384, 256, 0.0640788, 0.0045416, 0.0284872, 0.0997865]
[500, 256, 384, 0.0610244, 0.00463765, 0.030615, 0.0994324]
[501, 384, 256, 0.0634191, 0.00468674, 0.0288111, 0.100328]
[502, 256, 384, 0.0605517, 0.00468114, 0.030434, 0.0989762]
[503, 384, 256, 0.0643673, 0.00463115, 0.0284765, 0.100697]
[504, 256, 384, 0.0607153, 0.00465025, 0.0312548, 0.0998584]
[505, 384, 256, 0.0639218, 0.00459247, 0.0284822, 0.100004]
[506, 384, 256, 0.0627557, 0.00462114, 0.0284729, 0.0989799]
[507, 384, 256, 0.0632486, 0.00471892, 0.0285015, 0.0995145]
[508, 384, 256, 0.0638785, 0.00462921, 0.0275986, 0.099308]
[509, 384, 256, 0.0637703, 0.00464555, 0.0285833, 0.100291]
[510, 384, 256, 0.0648094, 0.00469903, 0.0275032, 0.100199]
[511, 384, 256, 0.0647177, 0.00461514, 0.0286507, 0.101118]
[512, 384, 256, 0.0639268, 0.00471649, 0.0286352, 0.100774]
[513, 384, 256, 0.063359, 0.0046677, 0.0286346, 0.0999586]
[514, 384, 256, 0.0637062, 0.00458474, 0.0285531, 0.0999662]
[515, 384, 256, 0.0632023, 0.00464474, 0.0285056, 0.099645]
[516, 384, 256, 0.0638464, 0.00461931, 0.0286489, 0.100331]
[517, 384, 256, 0.0640373, 0.0046243, 0.0286264, 0.100394]
[518, 384, 256, 0.0621929, 0.0046546, 0.0284409, 0.0986314]
[519, 384, 256, 0.0642322, 0.00462031, 0.0285958, 0.100696]
[520, 384, 256, 0.0647195, 0.00459179, 0.0287403, 0.101176]
[521, 384, 256, 0.0669741, 0.00462069, 0.028583, 0.103331]
[522, 384, 256, 0.0641095, 0.00465447, 0.0274631, 0.0993106]
[523, 384, 256, 0.0647502, 0.00459646, 0.0284602, 0.100805]
[524, 256, 384, 0.0604643, 0.00463572, 0.0312871, 0.0995944]
[525, 384, 256, 0.0648347, 0.00463175, 0.0285579, 0.101278]
[526, 256, 384, 0.061369, 0.00469404, 0.0310423, 0.100492]
[527, 384, 256, 0.0641109, 0.00462177, 0.0286459, 0.100559]
[528, 384, 256, 0.0636541, 0.0045833, 0.0286536, 0.100022]
[529, 384, 256, 0.0648219, 0.00459557, 0.0285857, 0.101082]
[530, 384, 256, 0.0646886, 0.00457164, 0.0285792, 0.100832]
[531, 384, 256, 0.0636245, 0.00464661, 0.0274877, 0.0990308]
[532, 384, 256, 0.0649295, 0.00462191, 0.0285461, 0.101131]
[533, 256, 384, 0.0612681, 0.00464424, 0.0320936, 0.101237]
[534, 384, 256, 0.0633625, 0.00464071, 0.0286664, 0.0998988]
[535, 384, 256, 0.0642722, 0.00469708, 0.0285212, 0.100613]
[536, 384, 256, 0.063266, 0.00457377, 0.0285034, 0.0993439]
[537, 384, 256, 0.0639218, 0.00462756, 0.0286064, 0.10039]
[538, 384, 256, 0.0629914, 0.00467054, 0.0286816, 0.0996721]
[539, 384, 256, 0.0706999, 0.00465386, 0.0285077, 0.107018]
[540, 384, 256, 0.0638251, 0.00461715, 0.0273984, 0.0990154]
[541, 384, 256, 0.0634291, 0.0046031, 0.0286099, 0.0997793]
[542, 384, 256, 0.064187, 0.00465216, 0.0274974, 0.0996363]
[543, 384, 256, 0.064467, 0.00463379, 0.0285162, 0.100858]
[544, 384, 256, 0.064178, 0.00458309, 0.0284282, 0.100281]
[545, 384, 256, 0.0657832, 0.00464804, 0.0284079, 0.102119]
[546, 384, 256, 0.0643067, 0.00461338, 0.0274474, 0.0995343]
[547, 384, 256, 0.0639257, 0.00461659, 0.0286771, 0.100345]
[548, 384, 256, 0.0633268, 0.0045552, 0.0286266, 0.0994138]
[549, 384, 256, 0.0629105, 0.00463747, 0.0285375, 0.09932]
[550, 384, 256, 0.0643634, 0.00459062, 0.0286416, 0.100647]
[551, 384, 256, 0.0626105, 0.00461277, 0.0273871, 0.097805]
[552, 384, 256, 0.0647121, 0.00465255, 0.0285903, 0.101225]
[553, 256, 384, 0.0603715, 0.00457448, 0.0310536, 0.0989303]
[554, 384, 256, 0.0638752, 0.0045862, 0.0283682, 0.0999115]
[555, 256, 384, 0.0599964, 0.00462175, 0.0313184, 0.0991103]
[556, 384, 256, 0.0644515, 0.00461076, 0.0274095, 0.0996378]
[557, 384, 256, 0.0621671, 0.00466261, 0.0286695, 0.0987771]
[558, 384, 256, 0.064058, 0.0046563, 0.0285558, 0.100591]
[559, 384, 256, 0.0640186, 0.00463545, 0.0286483, 0.10047]
[560, 384, 256, 0.0614775, 0.00465941, 0.0263764, 0.095818]
[561, 384, 256, 0.0633559, 0.00454919, 0.0285176, 0.0993144]
[562, 384, 256, 0.0635437, 0.00459542, 0.0286626, 0.0998973]
[563, 384, 256, 0.0638667, 0.00471284, 0.0285112, 0.100665]
[564, 384, 256, 0.0630483, 0.00461972, 0.0286419, 0.0994673]
[565, 384, 256, 0.0637702, 0.00455535, 0.0285678, 0.0997912]
[566, 384, 256, 0.063978, 0.00457532, 0.0285113, 0.10017]
[567, 384, 256, 0.0636765, 0.00464362, 0.0285, 0.10006]
[568, 384, 256, 0.0626225, 0.00459749, 0.0286752, 0.0989936]
[569, 384, 256, 0.062174, 0.00461008, 0.0286164, 0.0986151]
[570, 384, 256, 0.0627206, 0.00457895, 0.0286154, 0.0988558]
[571, 384, 256, 0.0634608, 0.00463025, 0.0286357, 0.100009]
[572, 384, 256, 0.0637139, 0.00466187, 0.0285065, 0.100177]
[573, 384, 256, 0.0629984, 0.00463806, 0.0286141, 0.0995009]
[574, 256, 384, 0.0597428, 0.00461285, 0.0312525, 0.0987663]
[575, 384, 256, 0.0647691, 0.00466213, 0.0285783, 0.101317]
[576, 384, 256, 0.0635536, 0.00461018, 0.0286129, 0.0999333]
[577, 384, 256, 0.064607, 0.00462766, 0.0274778, 0.0999842]
[578, 384, 256, 0.0642184, 0.0046493, 0.0294352, 0.101684]
[579, 384, 256, 0.0643232, 0.00458212, 0.028526, 0.100365]
[580, 384, 256, 0.0642618, 0.00468347, 0.0285083, 0.100769]
[581, 384, 256, 0.0643326, 0.00468871, 0.0273671, 0.0997979]
[582, 256, 384, 0.0598537, 0.00459852, 0.0311282, 0.0986175]
[583, 384, 256, 0.0645045, 0.00466022, 0.0285404, 0.101046]
[584, 384, 256, 0.0631237, 0.00457731, 0.0285633, 0.0992348]
[585, 256, 384, 0.0629274, 0.00456059, 0.0313558, 0.101787]
[586, 384, 256, 0.0637909, 0.00455686, 0.0286118, 0.0998896]
[587, 384, 256, 0.0632119, 0.00461666, 0.0286388, 0.099659]
[588, 384, 256, 0.0640843, 0.00486748, 0.0284612, 0.100666]
[589, 384, 256, 0.064137, 0.00459903, 0.0283911, 0.100144]
[590, 384, 256, 0.0635983, 0.00455608, 0.0285342, 0.0996586]
[591, 256, 384, 0.0601219, 0.00456273, 0.0312209, 0.0988762]
[592, 384, 256, 0.0634373, 0.00457579, 0.0274528, 0.0984466]
[593, 384, 256, 0.0646914, 0.00457145, 0.0274221, 0.0996617]
[594, 384, 256, 0.0629019, 0.00463914, 0.0286478, 0.0995349]
[595, 384, 256, 0.0648412, 0.00459046, 0.0286988, 0.101124]
[596, 256, 384, 0.0629155, 0.00459677, 0.0311772, 0.101666]
[597, 384, 256, 0.0629875, 0.00460314, 0.0274214, 0.098121]
[598, 256, 384, 0.0608778, 0.00457596, 0.03117, 0.0996157]
[599, 256, 384, 0.0603403, 0.00456903, 0.0311233, 0.0989572]
[600, 384, 256, 0.0635897, 0.00447444, 0.028585, 0.099426]
[601, 384, 256, 0.0646499, 0.00449713, 0.0284985, 0.100526]
[602, 384, 256, 0.0636647, 0.00447215, 0.0285961, 0.0995557]
[603, 384, 256, 0.0624937, 0.0044665, 0.0275041, 0.097278]
[604, 384, 256, 0.0642947, 0.00448147, 0.0285528, 0.100024]
[605, 384, 256, 0.0644854, 0.00464818, 0.0285266, 0.100499]
[606, 384, 256, 0.0633787, 0.00448292, 0.0274059, 0.0980423]
[607, 384, 256, 0.0643343, 0.00447472, 0.0285751, 0.10016]
[608, 384, 256, 0.0637253, 0.00449516, 0.02858, 0.0996871]
[609, 384, 256, 0.0623216, 0.00446385, 0.0284933, 0.0980167]
[610, 384, 256, 0.0625688, 0.00447001, 0.0274761, 0.0973086]
[611, 384, 256, 0.0648085, 0.00447361, 0.0274984, 0.0995234]
[612, 384, 256, 0.0614986, 0.00448847, 0.0284476, 0.0972668]
[613, 384, 256, 0.0636296, 0.00447527, 0.0284996, 0.0993467]
[614, 384, 256, 0.0641652, 0.00446408, 0.0285943, 0.0999872]
[615, 384, 256, 0.0638476, 0.00447111, 0.0274965, 0.0985883]
[616, 384, 256, 0.0644436, 0.00444181, 0.027497, 0.0990948]
[617, 384, 256, 0.063206, 0.00446814, 0.028471, 0.0989036]
[618, 384, 256, 0.0635129, 0.00444174, 0.0286626, 0.0993353]
[619, 384, 256, 0.0663816, 0.00449029, 0.0274027, 0.101145]
[620, 384, 256, 0.0640909, 0.00447913, 0.0285929, 0.0999793]
[621, 384, 256, 0.0635181, 0.00446523, 0.0285976, 0.0993688]
[622, 384, 256, 0.0630537, 0.00448673, 0.0286642, 0.098974]
[623, 384, 256, 0.0660592, 0.00446899, 0.0285636, 0.101839]
[624, 384, 256, 0.0617262, 0.00447837, 0.0286504, 0.097701]
[625, 384, 256, 0.0651063, 0.00445138, 0.028578, 0.100792]
[626, 384, 256, 0.0632548, 0.0044654, 0.0285458, 0.0990617]
[627, 384, 256, 0.0630151, 0.00447614, 0.0285709, 0.0987829]
[628, 384, 256, 0.0655134, 0.00446247, 0.0284982, 0.101224]
[629, 384, 256, 0.0636575, 0.00447731, 0.0293787, 0.100364]
[630, 384, 256, 0.0642777, 0.00448556, 0.0284588, 0.10004]
[631, 384, 256, 0.065126, 0.00457325, 0.0285776, 0.100994]
[632, 384, 256, 0.0636141, 0.00449881, 0.0287062, 0.0996852]
[633, 384, 256, 0.0640766, 0.00445535, 0.0285848, 0.0998268]
[634, 384, 256, 0.0633132, 0.00446828, 0.0286244, 0.099193]
[635, 384, 256, 0.0634515, 0.00448844, 0.0274628, 0.0981974]
[636, 384, 256, 0.0635234, 0.00449212, 0.0286016, 0.0994914]
[637, 384, 256, 0.0639022, 0.00446673, 0.0275563, 0.09873]
[638, 384, 256, 0.0637115, 0.00451152, 0.0285487, 0.0996166]
[639, 384, 256, 0.0722046, 0.00448526, 0.0284792, 0.107903]
[640, 384, 256, 0.0632814, 0.00449147, 0.0273901, 0.097965]
[641, 384, 256, 0.0636604, 0.00446852, 0.0285726, 0.099479]
[642, 384, 256, 0.0636452, 0.00448223, 0.0275171, 0.0984025]
[643, 384, 256, 0.0630005, 0.00445097, 0.02855, 0.0987606]
[644, 384, 256, 0.0638905, 0.0044786, 0.0286924, 0.099877]
[645, 384, 256, 0.0636944, 0.00448801, 0.0285688, 0.0995851]
[646, 384, 256, 0.0644422, 0.00449154, 0.0284395, 0.1002]
[647, 384, 256, 0.0641177, 0.00446678, 0.0284457, 0.0999033]
[648, 384, 256, 0.0638383, 0.00448331, 0.0285463, 0.0996297]
[649, 384, 256, 0.0636128, 0.00447678, 0.0286628, 0.0995366]
[650, 384, 256, 0.0632422, 0.00443278, 0.028495, 0.0988428]
[651, 384, 256, 0.0646479, 0.00447675, 0.0285718, 0.100497]
[652, 384, 256, 0.0639928, 0.00448418, 0.0285908, 0.0998617]
[653, 384, 256, 0.0635961, 0.00446662, 0.0285576, 0.099443]
[654, 384, 256, 0.0625511, 0.00451433, 0.028441, 0.0984746]
[655, 384, 256, 0.0625644, 0.00447252, 0.0284838, 0.098291]
[656, 384, 256, 0.062622, 0.00444875, 0.028598, 0.0983314]
[657, 384, 256, 0.0664937, 0.00445656, 0.0286358, 0.102356]
[658, 384, 256, 0.0652327, 0.00446024, 0.0284911, 0.100894]
[659, 384, 256, 0.0643606, 0.0044525, 0.0275081, 0.0990491]
[660, 384, 256, 0.0650527, 0.00443734, 0.0286604, 0.100852]
[661, 384, 256, 0.0652358, 0.00450558, 0.0286222, 0.101224]
[662, 384, 256, 0.0648805, 0.00444584, 0.0285855, 0.100633]
[663, 384, 256, 0.0638072, 0.00443322, 0.0286657, 0.0995818]
[664, 384, 256, 0.0634071, 0.0044609, 0.0285261, 0.0991262]
[665, 384, 256, 0.0642556, 0.00445345, 0.027629, 0.0990714]
[666, 384, 256, 0.0628956, 0.00448025, 0.0286819, 0.0988504]
[667, 384, 256, 0.0642274, 0.00446938, 0.0285921, 0.100088]
[668, 384, 256, 0.0699441, 0.00448831, 0.0274599, 0.104733]
[669, 384, 256, 0.0646723, 0.00446774, 0.0285501, 0.100495]
[670, 384, 256, 0.0654624, 0.00449079, 0.0286989, 0.101519]
[671, 384, 256, 0.0649377, 0.0046537, 0.0286815, 0.101214]
[672, 384, 256, 0.0636678, 0.00449371, 0.0283907, 0.0994616]
[673, 384, 256, 0.0635771, 0.0045061, 0.0273886, 0.0984295]
[674, 256, 384, 0.0618037, 0.00448924, 0.0312759, 0.100447]
[675, 384, 256, 0.0638934, 0.0044638, 0.0285646, 0.0997118]
[676, 256, 384, 0.0594959, 0.00451379, 0.0312223, 0.0981018]
[677, 256, 384, 0.0606055, 0.0044465, 0.0313413, 0.0990418]
[678, 256, 384, 0.0606549, 0.00442336, 0.03046, 0.0981668]
[679, 256, 384, 0.0601383, 0.00445839, 0.0312928, 0.0985899]
[680, 256, 384, 0.0605458, 0.00447486, 0.0313159, 0.0991436]
[681, 384, 256, 0.0634448, 0.0044317, 0.0286542, 0.09914]
[682, 384, 256, 0.063528, 0.00442426, 0.0285666, 0.0991181]
[683, 384, 256, 0.0642843, 0.0044978, 0.0273322, 0.0989544]
[684, 256, 384, 0.0615975, 0.00446998, 0.0310442, 0.099939]
[685, 384, 256, 0.0636654, 0.00450396, 0.0285103, 0.0995752]
[686, 384, 256, 0.0636005, 0.0044818, 0.0292907, 0.100204]
[687, 384, 256, 0.064743, 0.00452244, 0.0285683, 0.100754]
[688, 384, 256, 0.0637923, 0.00447411, 0.0286143, 0.0997431]
[689, 384, 256, 0.0626548, 0.00456242, 0.0286146, 0.0988689]
[690, 384, 256, 0.0642201, 0.00455028, 0.0284547, 0.100316]
[691, 384, 256, 0.0696846, 0.00447958, 0.0286907, 0.105666]
[692, 384, 256, 0.0641511, 0.00448788, 0.0275751, 0.0990314]
[693, 384, 256, 0.0629894, 0.0045495, 0.0284996, 0.0991275]
[694, 384, 256, 0.063532, 0.00450982, 0.0292437, 0.100153]
[695, 384, 256, 0.0634901, 0.00446942, 0.0285224, 0.0992886]
[696, 384, 256, 0.0654207, 0.00447325, 0.0287137, 0.101392]
[697, 256, 384, 0.0595886, 0.00450881, 0.0312156, 0.0982524]
[698, 384, 256, 0.0635405, 0.00450613, 0.0284874, 0.0994147]
[699, 384, 256, 0.0626607, 0.00449203, 0.0285964, 0.0987643]
[700, 384, 256, 0.0638082, 0.00464957, 0.0286858, 0.100439]
[701, 384, 256, 0.0634997, 0.00465872, 0.0286697, 0.100133]
[702, 384, 256, 0.0634292, 0.00465518, 0.0287101, 0.100136]
[703, 384, 256, 0.0634846, 0.00467314, 0.028597, 0.100089]
[704, 384, 256, 0.0635794, 0.00459869, 0.0274005, 0.0986677]
[705, 384, 256, 0.0633278, 0.00472454, 0.0274676, 0.0990497]
[706, 384, 256, 0.0641328, 0.0046743, 0.0287589, 0.100912]
[707, 384, 256, 0.062898, 0.00461031, 0.0285135, 0.0992186]
[708, 384, 256, 0.0637533, 0.00470281, 0.0275262, 0.0994683]
[709, 256, 384, 0.0602885, 0.00455551, 0.0310452, 0.0989666]
[710, 384, 256, 0.0639459, 0.00456748, 0.0287285, 0.100282]
[711, 384, 256, 0.0717504, 0.00461911, 0.0285328, 0.108237]
[712, 384, 256, 0.0642772, 0.00467309, 0.0285226, 0.100867]
[713, 384, 256, 0.0637135, 0.00466595, 0.0263445, 0.0980489]
[714, 384, 256, 0.0640627, 0.0045169, 0.0294651, 0.10095]
[715, 384, 256, 0.0639088, 0.00452322, 0.0284305, 0.0998063]
[716, 384, 256, 0.064078, 0.00461577, 0.0286211, 0.100559]
[717, 384, 256, 0.0627825, 0.00459813, 0.0286029, 0.09916]
[718, 384, 256, 0.0638268, 0.00470529, 0.0285546, 0.100535]
[719, 384, 256, 0.0650414, 0.00460334, 0.027451, 0.100273]
[720, 384, 256, 0.0635273, 0.00468616, 0.0286547, 0.100275]
[721, 384, 256, 0.0636735, 0.00455252, 0.0273736, 0.0986144]
[722, 256, 384, 0.0612094, 0.00457086, 0.0312433, 0.100144]
[723, 384, 256, 0.0639342, 0.00460158, 0.0286446, 0.100267]
[724, 384, 256, 0.063163, 0.00454418, 0.028572, 0.0993307]
[725, 384, 256, 0.0640377, 0.00462289, 0.0284936, 0.100415]
[726, 384, 256, 0.0640814, 0.0046274, 0.0273867, 0.0993054]
[727, 384, 256, 0.0631287, 0.00460168, 0.0286528, 0.0995318]
[728, 384, 256, 0.0638205, 0.00476098, 0.028567, 0.100491]
[729, 384, 256, 0.0647676, 0.00496045, 0.0284755, 0.101536]
[730, 384, 256, 0.064157, 0.00463252, 0.0285579, 0.100626]
[731, 256, 384, 0.0604777, 0.00463642, 0.0312869, 0.0996511]
[732, 384, 256, 0.06302, 0.0048107, 0.0274123, 0.0985912]
[733, 256, 384, 0.0616685, 0.00451779, 0.0310412, 0.100122]
[734, 384, 256, 0.0641169, 0.00462932, 0.0286149, 0.100689]
[735, 384, 256, 0.0637366, 0.00483373, 0.0285623, 0.100451]
[736, 384, 256, 0.0636194, 0.00465121, 0.0273006, 0.0988281]
[737, 384, 256, 0.0637588, 0.00462243, 0.0274542, 0.0990869]
[738, 384, 256, 0.0635735, 0.00458769, 0.0285375, 0.0997919]
[739, 384, 256, 0.0632896, 0.004634, 0.0285876, 0.0998435]
[740, 384, 256, 0.0647474, 0.00460305, 0.0274474, 0.0999421]
[741, 384, 256, 0.0635577, 0.00465142, 0.0284826, 0.0999563]
[742, 384, 256, 0.0644807, 0.00464807, 0.0285562, 0.100969]
[743, 384, 256, 0.0609647, 0.00464261, 0.0274091, 0.0963219]
[744, 384, 256, 0.0629348, 0.00464185, 0.0285614, 0.0993262]
[745, 384, 256, 0.06292, 0.00461397, 0.0284122, 0.0991768]
[746, 384, 256, 0.0702677, 0.00458981, 0.0284885, 0.106442]
[747, 384, 256, 0.0638022, 0.00465957, 0.028544, 0.100366]
[748, 384, 256, 0.0638707, 0.0045933, 0.0322718, 0.103941]
[749, 384, 256, 0.0642173, 0.00462386, 0.0284701, 0.100582]
[750, 384, 256, 0.0633302, 0.00462079, 0.0285853, 0.0997793]
[751, 384, 256, 0.0641159, 0.00467843, 0.0274508, 0.0995973]
[752, 384, 256, 0.0633643, 0.00462214, 0.0286134, 0.0998257]
[753, 256, 384, 0.061164, 0.00459385, 0.0312172, 0.100154]
[754, 256, 384, 0.0597693, 0.00459918, 0.0310605, 0.0986547]
[755, 256, 384, 0.0614242, 0.00467183, 0.0312107, 0.10074]
[756, 256, 384, 0.0609598, 0.00462189, 0.031438, 0.100296]
[757, 256, 384, 0.0601717, 0.00466144, 0.0298804, 0.0979653]
[758, 384, 256, 0.064886, 0.00462885, 0.0285915, 0.101374]
[759, 384, 256, 0.0627498, 0.00463302, 0.0285515, 0.0991845]
[760, 384, 256, 0.062918, 0.00463486, 0.0285243, 0.0993475]
[761, 256, 384, 0.0608085, 0.00466261, 0.0312828, 0.100203]
[762, 384, 256, 0.0626365, 0.00464018, 0.0285385, 0.0991037]
[763, 384, 256, 0.0641205, 0.0047027, 0.0287926, 0.101161]
[764, 384, 256, 0.0636949, 0.00464265, 0.0276016, 0.099288]
[765, 256, 384, 0.0614367, 0.00462216, 0.0310948, 0.100348]
[766, 384, 256, 0.0648641, 0.00463309, 0.0285223, 0.101349]
[767, 384, 256, 0.0631364, 0.00464441, 0.0285817, 0.0996737]
[768, 384, 256, 0.0641573, 0.00481213, 0.0284903, 0.100874]
[769, 384, 256, 0.0648437, 0.0046502, 0.0285042, 0.101415]
[770, 384, 256, 0.0628745, 0.00469486, 0.0285001, 0.099459]
[771, 384, 256, 0.0617695, 0.00461111, 0.028609, 0.0982399]
[772, 384, 256, 0.0637738, 0.00471379, 0.0286146, 0.100339]
[773, 384, 256, 0.0634947, 0.00461787, 0.0284197, 0.0999174]
[774, 384, 256, 0.064189, 0.00464626, 0.0286088, 0.100731]
[775, 256, 384, 0.0600022, 0.00461057, 0.0311283, 0.0990364]
[776, 256, 384, 0.061084, 0.00466206, 0.0303438, 0.0995392]
[777, 256, 384, 0.0592564, 0.00463231, 0.0309636, 0.0981935]
[778, 256, 384, 0.0616033, 0.00462306, 0.0311376, 0.100664]
[779, 256, 384, 0.0603142, 0.0046141, 0.0312745, 0.0995772]
[780, 256, 384, 0.0609315, 0.00470438, 0.0312007, 0.100281]
[781, 256, 384, 0.0612748, 0.00464938, 0.0311503, 0.100422]
[782, 256, 384, 0.0606374, 0.00460682, 0.0310125, 0.0995327]
[783, 384, 256, 0.0637757, 0.00463463, 0.0287315, 0.100542]
[784, 384, 256, 0.064981, 0.00459584, 0.028527, 0.101295]
[785, 384, 256, 0.0626707, 0.00454664, 0.0285849, 0.098876]
[786, 384, 256, 0.0692215, 0.00466206, 0.029819, 0.107069]
[787, 384, 256, 0.0640295, 0.00455711, 0.0286484, 0.100297]
[788, 384, 256, 0.0626457, 0.00466216, 0.0285982, 0.0992825]
[789, 384, 256, 0.0640846, 0.00468702, 0.0285099, 0.100687]
[790, 384, 256, 0.0624308, 0.0046403, 0.0284493, 0.098891]
[791, 384, 256, 0.0635264, 0.0046967, 0.0285574, 0.100197]
[792, 384, 256, 0.063741, 0.00465811, 0.0263899, 0.0981714]
[793, 384, 256, 0.0639472, 0.00462115, 0.0284605, 0.100268]
[794, 256, 384, 0.0596937, 0.00459117, 0.0304246, 0.0979197]
[795, 384, 256, 0.064011, 0.00470271, 0.0285176, 0.100689]
[796, 384, 256, 0.0640156, 0.00460057, 0.0285419, 0.100272]
[797, 384, 256, 0.0636583, 0.00459795, 0.0284279, 0.0998893]
[798, 384, 256, 0.0634486, 0.00466048, 0.028494, 0.0999886]
[799, 384, 256, 0.0640593, 0.00463425, 0.0286147, 0.10062]
[800, 384, 256, 0.0639076, 0.00466038, 0.0286346, 0.100517]
[801, 256, 384, 0.0605077, 0.00464685, 0.0311627, 0.0996059]
[802, 384, 256, 0.062733, 0.00461665, 0.0286147, 0.0991165]
[803, 384, 256, 0.0646704, 0.00461703, 0.0285681, 0.101019]
[804, 384, 256, 0.0628934, 0.00458281, 0.0273347, 0.0978557]
[805, 384, 256, 0.062481, 0.00460693, 0.0286318, 0.0987941]
[806, 256, 384, 0.0607432, 0.00460758, 0.0304599, 0.0988945]
[807, 384, 256, 0.0657139, 0.00453537, 0.0285425, 0.10167]
[808, 256, 384, 0.0598775, 0.00451513, 0.031117, 0.0983971]
[809, 384, 256, 0.0629847, 0.00461703, 0.0286428, 0.0994832]
[810, 256, 384, 0.0605142, 0.00446154, 0.0311178, 0.098819]
[811, 384, 256, 0.0637823, 0.00452429, 0.0285345, 0.0996822]
[812, 256, 384, 0.0599716, 0.00461572, 0.0312685, 0.0989317]
[813, 256, 384, 0.0626676, 0.00461356, 0.0320767, 0.102503]
[814, 256, 384, 0.0606733, 0.00461209, 0.0310078, 0.0994148]
[815, 384, 256, 0.0639913, 0.00460666, 0.0287391, 0.100452]
[816, 384, 256, 0.0642641, 0.00455911, 0.0280898, 0.0998221]
[817, 384, 256, 0.0643356, 0.00456772, 0.0286327, 0.100555]
[818, 256, 384, 0.0610722, 0.00469614, 0.0312586, 0.100224]
[819, 384, 256, 0.0638809, 0.00464853, 0.0287705, 0.100577]
[820, 256, 384, 0.0613544, 0.00456344, 0.0311538, 0.0999302]
[821, 384, 256, 0.0619494, 0.0045832, 0.0286231, 0.0981934]
[822, 384, 256, 0.0633931, 0.00456745, 0.028659, 0.0996179]
[823, 384, 256, 0.061765, 0.00462589, 0.0286289, 0.0981588]
[824, 384, 256, 0.0643747, 0.00460314, 0.0285951, 0.100648]
[825, 384, 256, 0.0645337, 0.00457214, 0.0285689, 0.100695]
[826, 384, 256, 0.0649828, 0.00457808, 0.0292831, 0.10186]
[827, 384, 256, 0.0648407, 0.00459946, 0.0285421, 0.101017]
[828, 384, 256, 0.0629538, 0.0045793, 0.028571, 0.0990968]
[829, 384, 256, 0.0641136, 0.00460338, 0.0285305, 0.100327]
[830, 384, 256, 0.0645014, 0.00461429, 0.0285325, 0.100794]
[831, 384, 256, 0.063483, 0.00450581, 0.0285931, 0.0993237]
[832, 256, 384, 0.0608857, 0.00461621, 0.0311393, 0.0997647]
[833, 384, 256, 0.0645279, 0.00455087, 0.0285897, 0.10058]
[834, 384, 256, 0.0641838, 0.00456735, 0.0284317, 0.100111]
[835, 384, 256, 0.0644046, 0.00453734, 0.0285356, 0.100389]
[836, 256, 384, 0.0609924, 0.00456324, 0.0304022, 0.0989373]
[837, 256, 384, 0.0607845, 0.0046702, 0.0312116, 0.0999282]
[838, 384, 256, 0.0634766, 0.00463183, 0.0285783, 0.0997896]
[839, 256, 384, 0.0595204, 0.00459169, 0.031138, 0.0982552]
[840, 256, 384, 0.0594723, 0.0046483, 0.0305458, 0.0978952]
[841, 384, 256, 0.0635419, 0.00467016, 0.0286412, 0.100134]
[842, 256, 384, 0.0600841, 0.0045352, 0.0304087, 0.0979544]
[843, 384, 256, 0.0622524, 0.00456909, 0.0285498, 0.0982852]
[844, 384, 256, 0.0641391, 0.00457065, 0.0273764, 0.0991012]
[845, 256, 384, 0.0609486, 0.00463004, 0.0311984, 0.100015]
[846, 384, 256, 0.0643561, 0.00455304, 0.0286223, 0.100344]
[847, 256, 384, 0.0602486, 0.00461613, 0.0303776, 0.0983423]
[848, 256, 384, 0.0608286, 0.00460592, 0.0311872, 0.0997219]
[849, 384, 256, 0.0631588, 0.0046931, 0.02863, 0.0996788]
[850, 256, 384, 0.0609349, 0.00467318, 0.030434, 0.0988924]
[851, 384, 256, 0.0640698, 0.00463719, 0.0284828, 0.100372]
[852, 384, 256, 0.0633887, 0.00450984, 0.0275068, 0.0981577]
[853, 384, 256, 0.0629477, 0.0045687, 0.0284967, 0.0989858]
[854, 384, 256, 0.0653885, 0.00462954, 0.0284284, 0.101672]
[855, 256, 384, 0.0595848, 0.00466879, 0.0311887, 0.0987367]
[856, 256, 384, 0.0584147, 0.00455436, 0.0312454, 0.0971878]
[857, 384, 256, 0.0651904, 0.00460435, 0.0275518, 0.100379]
[858, 384, 256, 0.0636158, 0.00461265, 0.0285264, 0.0998712]
[859, 384, 256, 0.0637409, 0.00462263, 0.0285156, 0.100101]
[860, 384, 256, 0.0644328, 0.00463781, 0.0284745, 0.10068]
[861, 256, 384, 0.060695, 0.00457824, 0.0304487, 0.0987824]
[862, 384, 256, 0.0637448, 0.00458617, 0.02854, 0.0999699]
[863, 256, 384, 0.058975, 0.00458806, 0.0295837, 0.0961565]
[864, 256, 384, 0.0600515, 0.00464858, 0.0310749, 0.0990103]
[865, 256, 384, 0.0603444, 0.00451427, 0.0305234, 0.0982027]
[866, 384, 256, 0.0630107, 0.00458533, 0.0285737, 0.0991547]
[867, 384, 256, 0.0638777, 0.00451783, 0.0285395, 0.0996627]
[868, 384, 256, 0.0637646, 0.00451788, 0.0263379, 0.0974139]
[869, 384, 256, 0.06304, 0.0046475, 0.0286046, 0.0994658]
[870, 384, 256, 0.063317, 0.00461292, 0.0285636, 0.0996008]
[871, 256, 384, 0.0606878, 0.00457266, 0.0303626, 0.0985646]
[872, 256, 384, 0.0601473, 0.00465703, 0.0303955, 0.0984863]
[873, 384, 256, 0.0636408, 0.00458679, 0.0285091, 0.0997573]
[874, 384, 256, 0.066713, 0.00459692, 0.0285497, 0.10292]
[875, 384, 256, 0.0644638, 0.00462048, 0.028529, 0.100725]
[876, 384, 256, 0.0652227, 0.00456053, 0.0285545, 0.10131]
[877, 256, 384, 0.06011, 0.00463833, 0.0304972, 0.0983984]
[878, 384, 256, 0.0630139, 0.00457515, 0.0274208, 0.0980231]
[879, 384, 256, 0.0635473, 0.00465529, 0.0286247, 0.100054]
[880, 384, 256, 0.067711, 0.00459327, 0.0284246, 0.103957]
[881, 384, 256, 0.063657, 0.00458215, 0.0291509, 0.100412]
[882, 384, 256, 0.0648899, 0.00463157, 0.0284576, 0.101202]
[883, 256, 384, 0.0611456, 0.00473075, 0.0310344, 0.10016]
[884, 256, 384, 0.0581798, 0.00450092, 0.0311564, 0.0965571]
[885, 256, 384, 0.0592706, 0.00468964, 0.031287, 0.0986899]
[886, 256, 384, 0.065235, 0.00459095, 0.0304384, 0.1033]
[887, 384, 256, 0.0640521, 0.00464716, 0.0284496, 0.100441]
[888, 256, 384, 0.0610365, 0.004535, 0.0311796, 0.101672]
[889, 384, 256, 0.0640261, 0.00461937, 0.0284685, 0.100272]
[890, 384, 256, 0.0631152, 0.00457753, 0.0285627, 0.0992679]
[891, 384, 256, 0.0647008, 0.00462629, 0.0287392, 0.101283]
[892, 384, 256, 0.0630308, 0.004572, 0.0284143, 0.0990453]
[893, 384, 256, 0.0645777, 0.00463098, 0.0285523, 0.100978]
[894, 384, 256, 0.0712808, 0.004636, 0.0284252, 0.10728]
[895, 384, 256, 0.0636383, 0.00463058, 0.0284297, 0.0998753]
[896, 384, 256, 0.0629805, 0.00464824, 0.0284495, 0.0994141]
[897, 384, 256, 0.0650946, 0.00453761, 0.0294742, 0.101989]
[898, 256, 384, 0.060629, 0.00466722, 0.0310364, 0.0996136]
[899, 256, 384, 0.0610577, 0.00461897, 0.0312531, 0.100058]
[900, 256, 384, 0.0600199, 0.00469412, 0.0310518, 0.0990792]
[901, 384, 256, 0.0635706, 0.00459483, 0.0286464, 0.0998424]
[902, 384, 256, 0.0629484, 0.00453651, 0.0284064, 0.0987267]
[903, 384, 256, 0.0641526, 0.00474271, 0.0285477, 0.100549]
[904, 384, 256, 0.0643809, 0.00458284, 0.0284478, 0.100289]
[905, 256, 384, 0.0601038, 0.00465815, 0.0304515, 0.0983694]
[906, 384, 256, 0.0638217, 0.00465928, 0.0286108, 0.100335]
[907, 384, 256, 0.0639737, 0.00466428, 0.0285279, 0.105443]
[908, 384, 256, 0.0631064, 0.00463892, 0.0284957, 0.0993017]
[909, 384, 256, 0.0635993, 0.00460754, 0.0284528, 0.0996536]
[910, 384, 256, 0.0626518, 0.00463506, 0.0285997, 0.0990254]
[911, 384, 256, 0.0695062, 0.00467343, 0.028422, 0.105738]
[912, 256, 384, 0.0616269, 0.00455516, 0.0305607, 0.0997314]
[913, 256, 384, 0.060649, 0.00462926, 0.0304513, 0.0987143]
[914, 384, 256, 0.0628234, 0.0046468, 0.0286231, 0.0991952]
[915, 384, 256, 0.0664786, 0.00458043, 0.0284976, 0.102541]
[916, 256, 384, 0.0616714, 0.00465499, 0.031221, 0.100663]
[917, 256, 384, 0.0602317, 0.00470561, 0.0312286, 0.0992515]
[918, 384, 256, 0.0636636, 0.00462611, 0.0288042, 0.100269]
[919, 384, 256, 0.0637017, 0.00466219, 0.0285796, 0.100113]
[920, 384, 256, 0.0653363, 0.00462174, 0.0285211, 0.101579]
[921, 384, 256, 0.064632, 0.00461885, 0.0284836, 0.100765]
[922, 256, 384, 0.0606512, 0.00465056, 0.0312252, 0.0997309]
[923, 384, 256, 0.0645418, 0.00461959, 0.0285656, 0.100851]
[924, 384, 256, 0.0634855, 0.00462717, 0.0293093, 0.100533]
[925, 384, 256, 0.0635384, 0.00458116, 0.0286296, 0.0997543]
[926, 384, 256, 0.0617827, 0.00462703, 0.0276021, 0.0971131]
[927, 384, 256, 0.061957, 0.00462004, 0.028376, 0.0980545]
[928, 256, 384, 0.0623861, 0.00454115, 0.0311888, 0.101045]
[929, 384, 256, 0.0639412, 0.00454545, 0.0284974, 0.0999019]
[930, 256, 384, 0.0601443, 0.00469553, 0.0311021, 0.0992413]
[931, 256, 384, 0.0613723, 0.00464564, 0.0310797, 0.100336]
[932, 384, 256, 0.0638337, 0.00460978, 0.0287301, 0.10028]
[933, 384, 256, 0.0638267, 0.00457118, 0.0275689, 0.0989222]
[934, 384, 256, 0.0647334, 0.00467673, 0.0286597, 0.101294]
[935, 384, 256, 0.0652031, 0.00466125, 0.0294663, 0.102509]
[936, 256, 384, 0.0611786, 0.00461585, 0.0311396, 0.100066]
[937, 384, 256, 0.0639548, 0.00464498, 0.028563, 0.100368]
[938, 256, 384, 0.0596181, 0.00458384, 0.0304544, 0.0976449]
[939, 384, 256, 0.0638211, 0.0046705, 0.0275244, 0.0992985]
[940, 384, 256, 0.0644405, 0.00462166, 0.0285248, 0.100693]
[941, 256, 384, 0.0591877, 0.00462581, 0.0312968, 0.0982129]
[942, 384, 256, 0.0628159, 0.00476399, 0.0285314, 0.0992949]
[943, 256, 384, 0.0605401, 0.00465491, 0.0311309, 0.0994914]
[944, 384, 256, 0.0637578, 0.00463282, 0.0283918, 0.0998953]
[945, 384, 256, 0.0635215, 0.00467146, 0.0287294, 0.100165]
[946, 384, 256, 0.0641251, 0.00469201, 0.0285931, 0.100681]
[947, 256, 384, 0.0611276, 0.00459397, 0.0311622, 0.0998429]
[948, 256, 384, 0.0608212, 0.00454182, 0.0311009, 0.0993482]
[949, 384, 256, 0.063455, 0.0046931, 0.0284828, 0.09965]
[950, 256, 384, 0.0603028, 0.00453386, 0.0311948, 0.0989071]
[951, 256, 384, 0.0589456, 0.00456486, 0.0311784, 0.097671]
[952, 384, 256, 0.0623394, 0.00453264, 0.0274798, 0.0972209]
[953, 256, 384, 0.060453, 0.00461811, 0.0312438, 0.0994754]
[954, 384, 256, 0.0634863, 0.00463017, 0.028708, 0.0999909]
[955, 384, 256, 0.0649855, 0.0046464, 0.0284827, 0.101324]
[956, 384, 256, 0.0642416, 0.00466038, 0.0286291, 0.100754]
[957, 256, 384, 0.0611063, 0.00462905, 0.0305544, 0.0993547]
[958, 256, 384, 0.0616918, 0.00456735, 0.0304136, 0.0997446]
[959, 256, 384, 0.0602378, 0.00456975, 0.031133, 0.0988915]
[960, 384, 256, 0.0642395, 0.00462693, 0.0284949, 0.100425]
[961, 256, 384, 0.0614253, 0.00458083, 0.0312046, 0.100097]
[962, 384, 256, 0.0643726, 0.0046039, 0.0286111, 0.100619]
[963, 256, 384, 0.060308, 0.00461112, 0.0312339, 0.0992338]
[964, 256, 384, 0.0615555, 0.00464438, 0.0312967, 0.100635]
[965, 256, 384, 0.0645475, 0.00466251, 0.0311945, 0.103553]
[966, 384, 256, 0.063677, 0.0046188, 0.028472, 0.0999004]
[967, 384, 256, 0.0632496, 0.00456737, 0.0285378, 0.0993547]
[968, 384, 256, 0.0650472, 0.00458204, 0.0286259, 0.101194]
[969, 384, 256, 0.0641294, 0.00460593, 0.028584, 0.100258]
[970, 384, 256, 0.0640907, 0.00459187, 0.0285571, 0.100325]
[971, 384, 256, 0.0647191, 0.00465821, 0.0284744, 0.100987]
[972, 256, 384, 0.0598942, 0.00456892, 0.0313407, 0.0986993]
[973, 256, 384, 0.0612217, 0.00462081, 0.0310907, 0.100037]
[974, 384, 256, 0.0638016, 0.00463777, 0.0285283, 0.100108]
[975, 256, 384, 0.0603085, 0.00466009, 0.0313197, 0.0994639]
[976, 384, 256, 0.0637821, 0.00467157, 0.0295146, 0.101228]
[977, 256, 384, 0.062344, 0.00464791, 0.0312572, 0.101386]
[978, 256, 384, 0.0592703, 0.00467624, 0.0304929, 0.0976511]
[979, 384, 256, 0.0637692, 0.00460993, 0.0284819, 0.0999607]
[980, 256, 384, 0.0612516, 0.00457271, 0.0304817, 0.0993061]
[981, 384, 256, 0.0621976, 0.00467498, 0.0285583, 0.0987241]
[982, 384, 256, 0.0623624, 0.00455551, 0.0285237, 0.0983058]
[983, 256, 384, 0.0607636, 0.00462651, 0.0312316, 0.0997142]
[984, 384, 256, 0.0637811, 0.00455286, 0.0285638, 0.0998513]
[985, 384, 256, 0.0639779, 0.00467296, 0.0285225, 0.100392]
[986, 384, 256, 0.0644143, 0.00461785, 0.0286156, 0.100717]
[987, 384, 256, 0.0645974, 0.004596, 0.0286654, 0.100794]
[988, 384, 256, 0.0637354, 0.00464078, 0.0286182, 0.100157]
[989, 256, 384, 0.0626929, 0.00468785, 0.0321012, 0.102729]
[990, 384, 256, 0.0641747, 0.00462941, 0.0286268, 0.100549]
[991, 384, 256, 0.0638572, 0.00467323, 0.0285199, 0.100133]
[992, 384, 256, 0.0615131, 0.00465275, 0.0286439, 0.0979767]
[993, 256, 384, 0.0619236, 0.00464918, 0.0311335, 0.10085]
[994, 384, 256, 0.0642806, 0.00459217, 0.0285315, 0.1004]
[995, 256, 384, 0.0619968, 0.00461111, 0.0313955, 0.100887]
[996, 384, 256, 0.0638344, 0.00459885, 0.0275419, 0.0989356]
[997, 384, 256, 0.06543, 0.00458665, 0.028417, 0.101327]
[998, 384, 256, 0.0636888, 0.00465481, 0.0274099, 0.0989265]
[999, 384, 256, 0.0638363, 0.00464411, 0.0285921, 0.100131]
103.42
